term,category,tags,short_def,definition,related_terms,legal_basis,importance,explanation,article_title,article_lead,term_detail_body,exam_points,common_mistakes,memory_tip,example_question,example_answer,faq_1_question,faq_1_answer,faq_2_question,faq_2_answer,faq_3_question,faq_3_answer,faq_4_question,faq_4_answer,diagram_id,slug,author_name,reviewer_name,fact_checked_at,primary_sources,content_status
ライフイベント,ライフプランニングと資金計画,FP2級;用語,結婚・出産・住宅購入・子の進学・退職など、生涯で発生する主要な出来事。資金計画の基点となる。,結婚・出産・住宅購入・子の進学・退職など、生涯で発生する主要な出来事。資金計画の基点となる。,,,A,ライフイベントが出る問題では、定義の言い換え・数値や期限の条件・似た用語との違いが問われやすいです。FP2級学科ではライフプランニングと資金計画分野の計算・制度理解とセットで確認してください。,,,,ライフイベントはライフプランニングと資金計画分野でFP2級学科に出題されやすい;四択では定義の言い換え・数値・例外の区別が問われやすい,,,,,,,,,,,,,,,,,,,draft
キャッシュフロー表,ライフプランニングと資金計画,FP2級;用語,年ごとの収入・支出・貯蓄残高を一覧にした表。将来の資金不足を事前に把握するために使う。,年ごとの収入・支出・貯蓄残高を一覧にした表。将来の資金不足を事前に把握するために使う。,,,A,キャッシュフロー表が出る問題では、定義の言い換え・数値や期限の条件・似た用語との違いが問われやすいです。FP2級学科ではライフプランニングと資金計画分野の計算・制度理解とセットで確認してください。,,,,キャッシュフロー表はライフプランニングと資金計画分野でFP2級学科に出題されやすい;四択では定義の言い換え・数値・例外の区別が問われやすい,,,,,,,,,,,,,,,,,,,draft
個人バランスシート,ライフプランニングと資金計画,FP2級;用語,ある時点の資産（持っているもの）と負債（借金）を対照させ、純資産を確認する表。,ある時点の資産（持っているもの）と負債（借金）を対照させ、純資産を確認する表。,,,B,個人バランスシートが出る問題では、定義の言い換え・数値や期限の条件・似た用語との違いが問われやすいです。FP2級学科ではライフプランニングと資金計画分野の計算・制度理解とセットで確認してください。,,,,個人バランスシートはライフプランニングと資金計画分野でFP2級学科に出題されやすい;四択では定義の言い換え・数値・例外の区別が問われやすい,,,,,,,,,,,,,,,,,,,draft
可処分所得,ライフプランニングと資金計画,FP2級;用語,給与収入から所得税・住民税・社会保険料を差し引いた、実際に自由に使える手取り収入。,給与収入から所得税・住民税・社会保険料を差し引いた、実際に自由に使える手取り収入。,,,A,可処分所得が出る問題では、定義の言い換え・数値や期限の条件・似た用語との違いが問われやすいです。FP2級学科ではライフプランニングと資金計画分野の計算・制度理解とセットで確認してください。,,,,可処分所得はライフプランニングと資金計画分野でFP2級学科に出題されやすい;四択では定義の言い換え・数値・例外の区別が問われやすい,,,,,,,,,,,,,,,,,,,draft
6つの係数,ライフプランニングと資金計画,FP2級;用語,終価係数・現価係数・年金終価係数・年金現価係数・減債基金係数・資本回収係数の総称。将来の資産額や必要積立額の計算に使う。,終価係数・現価係数・年金終価係数・年金現価係数・減債基金係数・資本回収係数の総称。将来の資産額や必要積立額の計算に使う。,,,B,6つの係数が出る問題では、定義の言い換え・数値や期限の条件・似た用語との違いが問われやすいです。FP2級学科ではライフプランニングと資金計画分野の計算・制度理解とセットで確認してください。,,,,6つの係数はライフプランニングと資金計画分野でFP2級学科に出題されやすい;四択では定義の言い換え・数値・例外の区別が問われやすい,,,,,,,,,,,,,,,,,,,draft
終価係数,ライフプランニングと資金計画,FP2級;用語,現在の元本を一定利率で複利運用したときの将来の金額を求める係数。,現在の元本を一定利率で複利運用したときの将来の金額を求める係数。,,,A,終価係数が出る問題では、定義の言い換え・数値や期限の条件・似た用語との違いが問われやすいです。FP2級学科ではライフプランニングと資金計画分野の計算・制度理解とセットで確認してください。,,,,終価係数はライフプランニングと資金計画分野でFP2級学科に出題されやすい;四択では定義の言い換え・数値・例外の区別が問われやすい,,,,,,,,,,,,,,,,,,,draft
現価係数,ライフプランニングと資金計画,FP2級;用語,将来の目標金額を得るために必要な現在の元本を求める係数。,将来の一定額を現在価値に換算する係数（終価係数の逆数）。,,,A,現価係数が出る問題では、定義の言い換え・数値や期限の条件・似た用語との違いが問われやすいです。FP2級学科ではライフプランニングと資金計画分野の計算・制度理解とセットで確認してください。,,,,現価係数はライフプランニングと資金計画分野でFP2級学科に出題されやすい;四択では定義の言い換え・数値・例外の区別が問われやすい,,,,,,,,,,,,,,,,,,,draft
年金終価係数,ライフプランニングと資金計画,FP2級;用語,毎年一定額を積み立てたときの将来の合計金額を求める係数。,毎年一定額を積み立てたときの将来の合計金額を求める係数。,,,A,年金終価係数が出る問題では、定義の言い換え・数値や期限の条件・似た用語との違いが問われやすいです。FP2級学科ではライフプランニングと資金計画分野の計算・制度理解とセットで確認してください。,,,,年金終価係数はライフプランニングと資金計画分野でFP2級学科に出題されやすい;四択では定義の言い換え・数値・例外の区別が問われやすい,,,,,,,,,,,,,,,,,,,draft
年金現価係数,ライフプランニングと資金計画,FP2級;用語,毎年一定額を受け取るために必要な現在の元本を求める係数。,毎年一定額を受け取るために必要な現在の元本を求める係数。,,,A,年金現価係数が出る問題では、定義の言い換え・数値や期限の条件・似た用語との違いが問われやすいです。FP2級学科ではライフプランニングと資金計画分野の計算・制度理解とセットで確認してください。,,,,年金現価係数はライフプランニングと資金計画分野でFP2級学科に出題されやすい;四択では定義の言い換え・数値・例外の区別が問われやすい,,,,,,,,,,,,,,,,,,,draft
減債基金係数,ライフプランニングと資金計画,FP2級;用語,将来の目標金額を得るために毎年必要な積立額を求める係数。,将来の目標額に達するために毎期必要な積立額を求める係数。,,,A,減債基金係数が出る問題では、定義の言い換え・数値や期限の条件・似た用語との違いが問われやすいです。FP2級学科ではライフプランニングと資金計画分野の計算・制度理解とセットで確認してください。,,,,減債基金係数はライフプランニングと資金計画分野でFP2級学科に出題されやすい;四択では定義の言い換え・数値・例外の区別が問われやすい,,,,,,,,,,,,,,,,,,,draft
資本回収係数,ライフプランニングと資金計画,FP2級;用語,現在の元本を一定期間で均等回収するための毎年の受取額を求める係数。,現在の元本を一定期間で均等回収するための毎年の受取額を求める係数。,,,A,資本回収係数が出る問題では、定義の言い換え・数値や期限の条件・似た用語との違いが問われやすいです。FP2級学科ではライフプランニングと資金計画分野の計算・制度理解とセットで確認してください。,,,,資本回収係数はライフプランニングと資金計画分野でFP2級学科に出題されやすい;四択では定義の言い換え・数値・例外の区別が問われやすい,,,,,,,,,,,,,,,,,,,draft
健康保険,ライフプランニングと資金計画,FP2級;用語,主に会社員とその扶養家族が加入する公的医療保険。保険料は労使折半。,主に会社員が加入する公的医療保険で、全国健康保険協会または健康保険組合が運営。,,,A,健康保険が出る問題では、定義の言い換え・数値や期限の条件・似た用語との違いが問われやすいです。FP2級学科ではライフプランニングと資金計画分野の計算・制度理解とセットで確認してください。,,,,健康保険はライフプランニングと資金計画分野でFP2級学科に出題されやすい;四択では定義の言い換え・数値・例外の区別が問われやすい,,,,,,,,,,,,,,,,,,,draft
後期高齢者医療制度,ライフプランニングと資金計画,FP2級;用語,75歳以上（一定の障害がある場合は65歳以上）を対象とした独立した医療保険制度。,75歳以上（一定の障害がある場合は65歳以上）を対象とした独立した医療保険制度。,,,B,後期高齢者医療制度が出る問題では、定義の言い換え・数値や期限の条件・似た用語との違いが問われやすいです。FP2級学科ではライフプランニングと資金計画分野の計算・制度理解とセットで確認してください。,,,,後期高齢者医療制度はライフプランニングと資金計画分野でFP2級学科に出題されやすい;四択では定義の言い換え・数値・例外の区別が問われやすい,,,,,,,,,,,,,,,,,,,draft
高額療養費制度,ライフプランニングと資金計画,FP2級;用語,1か月の医療費の自己負担額が一定の上限を超えた場合に、超過分が払い戻される制度。,1か月の医療費自己負担が一定額（自己負担限度額）を超えた場合に超過分を払い戻す制度。,,,B,高額療養費制度が出る問題では、定義の言い換え・数値や期限の条件・似た用語との違いが問われやすいです。FP2級学科ではライフプランニングと資金計画分野の計算・制度理解とセットで確認してください。,,,,高額療養費制度はライフプランニングと資金計画分野でFP2級学科に出題されやすい;四択では定義の言い換え・数値・例外の区別が問われやすい,,,,,,,,,,,,,,,,,,,draft
傷病手当金,ライフプランニングと資金計画,FP2級;用語,健康保険の被保険者が病気・けがで連続3日以上休業した場合に、4日目から最長1年6か月支給される給付金。,健康保険の被保険者が病気・けがで連続3日以上休業した場合に、4日目から最長1年6か月支給される給付金。,,,A,傷病手当金が出る問題では、定義の言い換え・数値や期限の条件・似た用語との違いが問われやすいです。FP2級学科ではライフプランニングと資金計画分野の計算・制度理解とセットで確認してください。,,,,傷病手当金はライフプランニングと資金計画分野でFP2級学科に出題されやすい;四択では定義の言い換え・数値・例外の区別が問われやすい,,,,,,,,,,,,,,,,,,,draft
出産育児一時金,ライフプランニングと資金計画,FP2級;用語,健康保険の被保険者が出産した際に支給される一時金。原則50万円。,健康保険の被保険者が出産した際に支給される一時金。原則50万円。,,,B,出産育児一時金が出る問題では、定義の言い換え・数値や期限の条件・似た用語との違いが問われやすいです。FP2級学科ではライフプランニングと資金計画分野の計算・制度理解とセットで確認してください。,,,,出産育児一時金はライフプランニングと資金計画分野でFP2級学科に出題されやすい;四択では定義の言い換え・数値・例外の区別が問われやすい,,,,,,,,,,,,,,,,,,,draft
公的年金,ライフプランニングと資金計画,FP2級;用語,国が運営する老後・障害・死亡に備えた社会保険。国民年金と厚生年金の2階建て構造。,国が運営する老後・障害・死亡に備えた社会保険。国民年金と厚生年金の2階建て構造。,,,A,公的年金が出る問題では、定義の言い換え・数値や期限の条件・似た用語との違いが問われやすいです。FP2級学科ではライフプランニングと資金計画分野の計算・制度理解とセットで確認してください。,,,,公的年金はライフプランニングと資金計画分野でFP2級学科に出題されやすい;四択では定義の言い換え・数値・例外の区別が問われやすい,,,,,,,,,,,,,,,,,,,draft
国民年金,ライフプランニングと資金計画,FP2級;用語,20歳以上60歳未満の全員が加入する公的年金の基礎部分（1階部分）。,20歳以上60歳未満の全員が加入する公的年金の基礎部分（1階部分）。,,,A,国民年金が出る問題では、定義の言い換え・数値や期限の条件・似た用語との違いが問われやすいです。FP2級学科ではライフプランニングと資金計画分野の計算・制度理解とセットで確認してください。,,,,国民年金はライフプランニングと資金計画分野でFP2級学科に出題されやすい;四択では定義の言い換え・数値・例外の区別が問われやすい,,,,,,,,,,,,,,,,,,,draft
厚生年金,ライフプランニングと資金計画,FP2級;用語,会社員・公務員が加入する公的年金の上乗せ部分（2階部分）。保険料は労使折半。,会社員・公務員が加入する公的年金の上乗せ部分（2階部分）。保険料は労使折半。,,,A,厚生年金が出る問題では、定義の言い換え・数値や期限の条件・似た用語との違いが問われやすいです。FP2級学科ではライフプランニングと資金計画分野の計算・制度理解とセットで確認してください。,,,,厚生年金はライフプランニングと資金計画分野でFP2級学科に出題されやすい;四択では定義の言い換え・数値・例外の区別が問われやすい,,,,,,,,,,,,,,,,,,,draft
老齢基礎年金,ライフプランニングと資金計画,FP2級;用語,国民年金の保険料を原則10年以上納めた人が65歳から受け取れる年金。,原則65歳から受給できる国民年金の老齢給付で、受給には10年以上の受給資格期間が必要。,,,A,老齢基礎年金が出る問題では、定義の言い換え・数値や期限の条件・似た用語との違いが問われやすいです。FP2級学科ではライフプランニングと資金計画分野の計算・制度理解とセットで確認してください。,,,,老齢基礎年金はライフプランニングと資金計画分野でFP2級学科に出題されやすい;四択では定義の言い換え・数値・例外の区別が問われやすい,,,,,,,,,,,,,,,,,,,draft
老齢厚生年金,ライフプランニングと資金計画,FP2級;用語,厚生年金に加入していた人が老齢基礎年金に上乗せして受け取れる年金。,厚生年金に加入していた人が老齢基礎年金に上乗せして受け取れる年金。,,,A,老齢厚生年金が出る問題では、定義の言い換え・数値や期限の条件・似た用語との違いが問われやすいです。FP2級学科ではライフプランニングと資金計画分野の計算・制度理解とセットで確認してください。,,,,老齢厚生年金はライフプランニングと資金計画分野でFP2級学科に出題されやすい;四択では定義の言い換え・数値・例外の区別が問われやすい,,,,,,,,,,,,,,,,,,,draft
障害基礎年金,ライフプランニングと資金計画,FP2級;用語,国民年金の被保険者が障害等級1級・2級に認定された場合に受け取れる年金。,初診日から1年6か月後に一定の障害状態にある場合に支給される国民年金の給付。,,,B,障害基礎年金が出る問題では、定義の言い換え・数値や期限の条件・似た用語との違いが問われやすいです。FP2級学科ではライフプランニングと資金計画分野の計算・制度理解とセットで確認してください。,,,,障害基礎年金はライフプランニングと資金計画分野でFP2級学科に出題されやすい;四択では定義の言い換え・数値・例外の区別が問われやすい,,,,,,,,,,,,,,,,,,,draft
遺族基礎年金,ライフプランニングと資金計画,FP2級;用語,国民年金の被保険者が死亡した際に、子のある配偶者または子に支給される年金。,国民年金の被保険者が死亡した際に、子のある配偶者または子に支給される年金。,,,A,遺族基礎年金が出る問題では、定義の言い換え・数値や期限の条件・似た用語との違いが問われやすいです。FP2級学科ではライフプランニングと資金計画分野の計算・制度理解とセットで確認してください。,,,,遺族基礎年金はライフプランニングと資金計画分野でFP2級学科に出題されやすい;四択では定義の言い換え・数値・例外の区別が問われやすい,,,,,,,,,,,,,,,,,,,draft
繰上げ受給,ライフプランニングと資金計画,FP2級;用語,老齢年金を65歳より早く受け取ること。1か月あたり0.4%減額される。,老齢年金を60〜64歳の間に前倒して受け取ること（1か月あたり0.4%減額）。,,,B,繰上げ受給が出る問題では、定義の言い換え・数値や期限の条件・似た用語との違いが問われやすいです。FP2級学科ではライフプランニングと資金計画分野の計算・制度理解とセットで確認してください。,,,,繰上げ受給はライフプランニングと資金計画分野でFP2級学科に出題されやすい;四択では定義の言い換え・数値・例外の区別が問われやすい,,,,,,,,,,,,,,,,,,,draft
繰下げ受給,ライフプランニングと資金計画,FP2級;用語,老齢年金を65歳より遅く受け取ること。1か月あたり0.7%増額される。最大75歳まで繰下げ可能。,老齢年金を65歳より遅く受け取ること。1か月あたり0.7%増額される。最大75歳まで繰下げ可能。,,,B,繰下げ受給が出る問題では、定義の言い換え・数値や期限の条件・似た用語との違いが問われやすいです。FP2級学科ではライフプランニングと資金計画分野の計算・制度理解とセットで確認してください。,,,,繰下げ受給はライフプランニングと資金計画分野でFP2級学科に出題されやすい;四択では定義の言い換え・数値・例外の区別が問われやすい,,,,,,,,,,,,,,,,,,,draft
iDeCo（個人型確定拠出年金）,ライフプランニングと資金計画,FP2級;用語,自分で掛金を拠出・運用し、原則60歳以降に受け取る私的年金制度。掛金は全額所得控除。,自分で掛金を拠出・運用し、原則60歳以降に受け取る私的年金制度。掛金は全額所得控除。,,,B,iDeCo（個人型確定拠出年金）が出る問題では、定義の言い換え・数値や期限の条件・似た用語との違いが問われやすいです。FP2級学科ではライフプランニングと資金計画分野の計算・制度理解とセットで確認してください。,,,,iDeCo（個人型確定拠出年金）はライフプランニングと資金計画分野でFP2級学科に出題されやすい;四択では定義の言い換え・数値・例外の区別が問われやすい,,,,,,,,,,,,,,,,,,,draft
企業年金,ライフプランニングと資金計画,FP2級;用語,会社が従業員のために設ける上乗せ年金制度。確定給付企業年金と確定拠出年金（企業型）がある。,会社が従業員のために設ける上乗せ年金制度。確定給付企業年金と確定拠出年金（企業型）がある。,,,B,企業年金が出る問題では、定義の言い換え・数値や期限の条件・似た用語との違いが問われやすいです。FP2級学科ではライフプランニングと資金計画分野の計算・制度理解とセットで確認してください。,,,,企業年金はライフプランニングと資金計画分野でFP2級学科に出題されやすい;四択では定義の言い換え・数値・例外の区別が問われやすい,,,,,,,,,,,,,,,,,,,draft
雇用保険,ライフプランニングと資金計画,FP2級;用語,失業・育児・介護などの際に給付を行う社会保険。労働者と事業主が保険料を負担する。,失業・育児・介護などの際に給付を行う社会保険。労働者と事業主が保険料を負担する。,,,A,雇用保険が出る問題では、定義の言い換え・数値や期限の条件・似た用語との違いが問われやすいです。FP2級学科ではライフプランニングと資金計画分野の計算・制度理解とセットで確認してください。,,,,雇用保険はライフプランニングと資金計画分野でFP2級学科に出題されやすい;四択では定義の言い換え・数値・例外の区別が問われやすい,,,,,,,,,,,,,,,,,,,draft
基本手当（失業給付）,ライフプランニングと資金計画,FP2級;用語,雇用保険の被保険者が失業した際に受け取れる給付。受給には離職票の提出とハローワークへの求職申込が必要。,雇用保険の被保険者が失業した際に受け取れる給付。受給には離職票の提出とハローワークへの求職申込が必要。,,,A,基本手当（失業給付）が出る問題では、定義の言い換え・数値や期限の条件・似た用語との違いが問われやすいです。FP2級学科ではライフプランニングと資金計画分野の計算・制度理解とセットで確認してください。,,,,基本手当（失業給付）はライフプランニングと資金計画分野でFP2級学科に出題されやすい;四択では定義の言い換え・数値・例外の区別が問われやすい,,,,,,,,,,,,,,,,,,,draft
労働者災害補償保険（労災保険）,ライフプランニングと資金計画,FP2級;用語,業務上・通勤途上の負傷・疾病・死亡に対して給付する保険。保険料は全額事業主負担。,業務上・通勤途上の負傷・疾病・死亡に対して給付する保険。保険料は全額事業主負担。,,,A,労働者災害補償保険（労災保険）が出る問題では、定義の言い換え・数値や期限の条件・似た用語との違いが問われやすいです。FP2級学科ではライフプランニングと資金計画分野の計算・制度理解とセットで確認してください。,,,,労働者災害補償保険（労災保険）はライフプランニングと資金計画分野でFP2級学科に出題されやすい;四択では定義の言い換え・数値・例外の区別が問われやすい,,,,,,,,,,,,,,,,,,,draft
住宅ローン,ライフプランニングと資金計画,FP2級;用語,住宅の購入・建築・リフォームのために金融機関から借り入れる長期ローン。,住宅の購入・建築・リフォームのために金融機関から借り入れる長期ローン。,,,A,住宅ローンが出る問題では、定義の言い換え・数値や期限の条件・似た用語との違いが問われやすいです。FP2級学科ではライフプランニングと資金計画分野の計算・制度理解とセットで確認してください。,,,,住宅ローンはライフプランニングと資金計画分野でFP2級学科に出題されやすい;四択では定義の言い換え・数値・例外の区別が問われやすい,,,,,,,,,,,,,,,,,,,draft
フラット35,ライフプランニングと資金計画,FP2級;用語,住宅金融支援機構と民間金融機関が提携する全期間固定金利の住宅ローン。,住宅金融支援機構と民間金融機関が提携する全期間固定金利の住宅ローン。,,,A,フラット35が出る問題では、定義の言い換え・数値や期限の条件・似た用語との違いが問われやすいです。FP2級学科ではライフプランニングと資金計画分野の計算・制度理解とセットで確認してください。,,,,フラット35はライフプランニングと資金計画分野でFP2級学科に出題されやすい;四択では定義の言い換え・数値・例外の区別が問われやすい,,,,,,,,,,,,,,,,,,,draft
消費者契約法,ライフプランニングと資金計画,FP2級;用語,消費者と事業者の契約において、不当な勧誘や不当条項から消費者を保護する法律。,消費者と事業者の契約において、不当な勧誘や不当条項から消費者を保護する法律。,,,B,消費者契約法が出る問題では、定義の言い換え・数値や期限の条件・似た用語との違いが問われやすいです。FP2級学科ではライフプランニングと資金計画分野の計算・制度理解とセットで確認してください。,,,,消費者契約法はライフプランニングと資金計画分野でFP2級学科に出題されやすい;四択では定義の言い換え・数値・例外の区別が問われやすい,,,,,,,,,,,,,,,,,,,draft
FP（ファイナンシャル・プランナー）,ライフプランニングと資金計画,FP2級;用語,顧客の収支・資産・保険・税金・相続などを総合的に分析し、生涯設計を支援する専門家。,顧客の収支・資産・保険・税金・相続などを総合的に分析し、生涯設計を支援する専門家。,,,A,FP（ファイナンシャル・プランナー）が出る問題では、定義の言い換え・数値や期限の条件・似た用語との違いが問われやすいです。FP2級学科ではライフプランニングと資金計画分野の計算・制度理解とセットで確認してください。,,,,FP（ファイナンシャル・プランナー）はライフプランニングと資金計画分野でFP2級学科に出題されやすい;四択では定義の言い換え・数値・例外の区別が問われやすい,,,,,,,,,,,,,,,,,,,draft
関連業法,ライフプランニングと資金計画,FP2級;用語,FPが業務を行う際に遵守すべき法律群。税務相談は税理士法、保険募集は保険業法などが該当。,FPが業務を行う際に遵守すべき法律群。税務相談は税理士法、保険募集は保険業法などが該当。,,,A,関連業法が出る問題では、定義の言い換え・数値や期限の条件・似た用語との違いが問われやすいです。FP2級学科ではライフプランニングと資金計画分野の計算・制度理解とセットで確認してください。,,,,関連業法はライフプランニングと資金計画分野でFP2級学科に出題されやすい;四択では定義の言い換え・数値・例外の区別が問われやすい,,,,,,,,,,,,,,,,,,,draft
保険,リスク管理,FP2級;用語,偶然の事故・病気・死亡などによる経済的損失を、多数の人で分散して補償し合う制度。,偶然の事故・病気・死亡などによる経済的損失を、多数の人で分散して補償し合う制度。,,,A,保険が出る問題では、定義の言い換え・数値や期限の条件・似た用語との違いが問われやすいです。FP2級学科ではリスク管理分野の計算・制度理解とセットで確認してください。,,,,保険はリスク管理分野でFP2級学科に出題されやすい;四択では定義の言い換え・数値・例外の区別が問われやすい,,,,,,,,,,,,,,,,,,,draft
保険料,リスク管理,FP2級;用語,保険契約者が保険会社に支払う対価。純保険料（給付原資）と付加保険料（経費）の合計。,保険契約者が保険会社に支払う対価。純保険料（給付原資）と付加保険料（経費）の合計。,,,A,保険料が出る問題では、定義の言い換え・数値や期限の条件・似た用語との違いが問われやすいです。FP2級学科ではリスク管理分野の計算・制度理解とセットで確認してください。,,,,保険料はリスク管理分野でFP2級学科に出題されやすい;四択では定義の言い換え・数値・例外の区別が問われやすい,,,,,,,,,,,,,,,,,,,draft
保険金,リスク管理,FP2級;用語,保険事故が発生した際に保険会社から支払われる金額。,保険事故が発生した際に保険会社から支払われる金額。,,,A,保険金が出る問題では、定義の言い換え・数値や期限の条件・似た用語との違いが問われやすいです。FP2級学科ではリスク管理分野の計算・制度理解とセットで確認してください。,,,,保険金はリスク管理分野でFP2級学科に出題されやすい;四択では定義の言い換え・数値・例外の区別が問われやすい,,,,,,,,,,,,,,,,,,,draft
給付金,リスク管理,FP2級;用語,保険金とは別に、入院・手術などの際に支払われる金銭。医療保険・がん保険で使われる呼称。,保険金とは別に、入院・手術などの際に支払われる金銭。医療保険・がん保険で使われる呼称。,,,A,給付金が出る問題では、定義の言い換え・数値や期限の条件・似た用語との違いが問われやすいです。FP2級学科ではリスク管理分野の計算・制度理解とセットで確認してください。,,,,給付金はリスク管理分野でFP2級学科に出題されやすい;四択では定義の言い換え・数値・例外の区別が問われやすい,,,,,,,,,,,,,,,,,,,draft
契約者,リスク管理,FP2級;用語,保険会社と保険契約を結び、保険料を支払う人。,保険会社と保険契約を結び、保険料を支払う人。,,,A,契約者が出る問題では、定義の言い換え・数値や期限の条件・似た用語との違いが問われやすいです。FP2級学科ではリスク管理分野の計算・制度理解とセットで確認してください。,,,,契約者はリスク管理分野でFP2級学科に出題されやすい;四択では定義の言い換え・数値・例外の区別が問われやすい,,,,,,,,,,,,,,,,,,,draft
被保険者,リスク管理,FP2級;用語,保険の対象となる人。生命保険では死亡・生存の対象者、損害保険では損害を受ける対象者。,保険の対象となる人。生命保険では死亡・生存の対象者、損害保険では損害を受ける対象者。,,,A,被保険者が出る問題では、定義の言い換え・数値や期限の条件・似た用語との違いが問われやすいです。FP2級学科ではリスク管理分野の計算・制度理解とセットで確認してください。,,,,被保険者はリスク管理分野でFP2級学科に出題されやすい;四択では定義の言い換え・数値・例外の区別が問われやすい,,,,,,,,,,,,,,,,,,,draft
受取人,リスク管理,FP2級;用語,保険金・給付金を受け取る人。生命保険で指定する。,保険金・給付金を受け取る人。生命保険で指定する。,,,A,受取人が出る問題では、定義の言い換え・数値や期限の条件・似た用語との違いが問われやすいです。FP2級学科ではリスク管理分野の計算・制度理解とセットで確認してください。,,,,受取人はリスク管理分野でFP2級学科に出題されやすい;四択では定義の言い換え・数値・例外の区別が問われやすい,,,,,,,,,,,,,,,,,,,draft
生命保険,リスク管理,FP2級;用語,人の生死を保険事故とする保険。死亡保険・生存保険・生死混合保険に大別される。,人の生死を保険事故とする保険。死亡保険・生存保険・生死混合保険に大別される。,,,A,生命保険が出る問題では、定義の言い換え・数値や期限の条件・似た用語との違いが問われやすいです。FP2級学科ではリスク管理分野の計算・制度理解とセットで確認してください。,,,,生命保険はリスク管理分野でFP2級学科に出題されやすい;四択では定義の言い換え・数値・例外の区別が問われやすい,,,,,,,,,,,,,,,,,,,draft
定期保険,リスク管理,FP2級;用語,一定期間内に死亡した場合に保険金が支払われる掛け捨て型の死亡保険。,一定期間内に死亡した場合に保険金が支払われる掛け捨て型の死亡保険。,,,A,定期保険が出る問題では、定義の言い換え・数値や期限の条件・似た用語との違いが問われやすいです。FP2級学科ではリスク管理分野の計算・制度理解とセットで確認してください。,,,,定期保険はリスク管理分野でFP2級学科に出題されやすい;四択では定義の言い換え・数値・例外の区別が問われやすい,,,,,,,,,,,,,,,,,,,draft
終身保険,リスク管理,FP2級;用語,一生涯の死亡保障を持つ保険。解約返戻金があり、貯蓄性もある。,保険期間が一生涯で、死亡・高度障害時に保険金が支払われる保険。,,,A,終身保険が出る問題では、定義の言い換え・数値や期限の条件・似た用語との違いが問われやすいです。FP2級学科ではリスク管理分野の計算・制度理解とセットで確認してください。,,,,終身保険はリスク管理分野でFP2級学科に出題されやすい;四択では定義の言い換え・数値・例外の区別が問われやすい,,,,,,,,,,,,,,,,,,,draft
養老保険,リスク管理,FP2級;用語,満期または死亡のいずれかで同額の保険金が支払われる生死混合型保険。,満期または死亡のいずれかで同額の保険金が支払われる生死混合型保険。,,,A,養老保険が出る問題では、定義の言い換え・数値や期限の条件・似た用語との違いが問われやすいです。FP2級学科ではリスク管理分野の計算・制度理解とセットで確認してください。,,,,養老保険はリスク管理分野でFP2級学科に出題されやすい;四択では定義の言い換え・数値・例外の区別が問われやすい,,,,,,,,,,,,,,,,,,,draft
収入保障保険,リスク管理,FP2級;用語,被保険者が死亡した場合に、満期まで毎月一定額が支払われる定期保険の一種。,被保険者が死亡した場合に、満期まで毎月一定額が支払われる定期保険の一種。,,,A,収入保障保険が出る問題では、定義の言い換え・数値や期限の条件・似た用語との違いが問われやすいです。FP2級学科ではリスク管理分野の計算・制度理解とセットで確認してください。,,,,収入保障保険はリスク管理分野でFP2級学科に出題されやすい;四択では定義の言い換え・数値・例外の区別が問われやすい,,,,,,,,,,,,,,,,,,,draft
医療保険,リスク管理,FP2級;用語,入院・手術を主な保障対象とする保険。日額給付型が一般的。,入院・手術を主な保障対象とする保険。日額給付型が一般的。,,,A,医療保険が出る問題では、定義の言い換え・数値や期限の条件・似た用語との違いが問われやすいです。FP2級学科ではリスク管理分野の計算・制度理解とセットで確認してください。,,,,医療保険はリスク管理分野でFP2級学科に出題されやすい;四択では定義の言い換え・数値・例外の区別が問われやすい,,,,,,,,,,,,,,,,,,,draft
がん保険,リスク管理,FP2級;用語,がんの診断・入院・手術を主な保障対象とする保険。がん診断一時金を支払うタイプが多い。,がんの診断・入院・手術を主な保障対象とする保険。がん診断一時金を支払うタイプが多い。,,,A,がん保険が出る問題では、定義の言い換え・数値や期限の条件・似た用語との違いが問われやすいです。FP2級学科ではリスク管理分野の計算・制度理解とセットで確認してください。,,,,がん保険はリスク管理分野でFP2級学科に出題されやすい;四択では定義の言い換え・数値・例外の区別が問われやすい,,,,,,,,,,,,,,,,,,,draft
介護保険（民間）,リスク管理,FP2級;用語,公的介護保険を補完する民間の保険。要介護認定や所定の状態になった際に給付される。,公的介護保険を補完する民間の保険。要介護認定や所定の状態になった際に給付される。,,,A,介護保険（民間）が出る問題では、定義の言い換え・数値や期限の条件・似た用語との違いが問われやすいです。FP2級学科ではリスク管理分野の計算・制度理解とセットで確認してください。,,,,介護保険（民間）はリスク管理分野でFP2級学科に出題されやすい;四択では定義の言い換え・数値・例外の区別が問われやすい,,,,,,,,,,,,,,,,,,,draft
個人年金保険,リスク管理,FP2級;用語,一定期間または生涯にわたり年金を受け取れる生命保険。老後資金の準備に使われる。,一定期間または生涯にわたり年金を受け取れる生命保険。老後資金の準備に使われる。,,,A,個人年金保険が出る問題では、定義の言い換え・数値や期限の条件・似た用語との違いが問われやすいです。FP2級学科ではリスク管理分野の計算・制度理解とセットで確認してください。,,,,個人年金保険はリスク管理分野でFP2級学科に出題されやすい;四択では定義の言い換え・数値・例外の区別が問われやすい,,,,,,,,,,,,,,,,,,,draft
変額保険,リスク管理,FP2級;用語,保険料の一部を株式・債券等で運用し、運用実績に応じて保険金・解約返戻金が変動する保険。,保険料の一部を株式・債券等で運用し、運用実績に応じて保険金・解約返戻金が変動する保険。,,,B,変額保険が出る問題では、定義の言い換え・数値や期限の条件・似た用語との違いが問われやすいです。FP2級学科ではリスク管理分野の計算・制度理解とセットで確認してください。,,,,変額保険はリスク管理分野でFP2級学科に出題されやすい;四択では定義の言い換え・数値・例外の区別が問われやすい,,,,,,,,,,,,,,,,,,,draft
解約返戻金,リスク管理,FP2級;用語,生命保険を途中で解約した際に戻ってくる金額。一般に払込保険料を下回る。,生命保険を途中で解約した際に戻ってくる金額。一般に払込保険料を下回る。,,,A,解約返戻金が出る問題では、定義の言い換え・数値や期限の条件・似た用語との違いが問われやすいです。FP2級学科ではリスク管理分野の計算・制度理解とセットで確認してください。,,,,解約返戻金はリスク管理分野でFP2級学科に出題されやすい;四択では定義の言い換え・数値・例外の区別が問われやすい,,,,,,,,,,,,,,,,,,,draft
損害保険,リスク管理,FP2級;用語,偶然の事故による財産上の損害を補償する保険。実損てん補が原則。,偶然の事故による財産上の損害を補償する保険。実損てん補が原則。,,,A,損害保険が出る問題では、定義の言い換え・数値や期限の条件・似た用語との違いが問われやすいです。FP2級学科ではリスク管理分野の計算・制度理解とセットで確認してください。,,,,損害保険はリスク管理分野でFP2級学科に出題されやすい;四択では定義の言い換え・数値・例外の区別が問われやすい,,,,,,,,,,,,,,,,,,,draft
火災保険,リスク管理,FP2級;用語,建物・家財の火災・風災・水害等による損害を補償する保険。地震は対象外。,建物・家財の火災・風災・水害等による損害を補償する保険。地震は対象外。,,,A,火災保険が出る問題では、定義の言い換え・数値や期限の条件・似た用語との違いが問われやすいです。FP2級学科ではリスク管理分野の計算・制度理解とセットで確認してください。,,,,火災保険はリスク管理分野でFP2級学科に出題されやすい;四択では定義の言い換え・数値・例外の区別が問われやすい,,,,,,,,,,,,,,,,,,,draft
地震保険,リスク管理,FP2級;用語,地震・噴火・津波による建物・家財の損害を補償する保険。火災保険に付帯して加入する。,地震・噴火・津波による建物・家財の損害を補償する保険。火災保険に付帯して加入する。,,,A,地震保険が出る問題では、定義の言い換え・数値や期限の条件・似た用語との違いが問われやすいです。FP2級学科ではリスク管理分野の計算・制度理解とセットで確認してください。,,,,地震保険はリスク管理分野でFP2級学科に出題されやすい;四択では定義の言い換え・数値・例外の区別が問われやすい,,,,,,,,,,,,,,,,,,,draft
自動車保険,リスク管理,FP2級;用語,自動車事故による損害を補償する保険。自賠責保険（強制）と任意保険がある。,自動車事故による損害を補償する保険。自賠責保険（強制）と任意保険がある。,,,A,自動車保険が出る問題では、定義の言い換え・数値や期限の条件・似た用語との違いが問われやすいです。FP2級学科ではリスク管理分野の計算・制度理解とセットで確認してください。,,,,自動車保険はリスク管理分野でFP2級学科に出題されやすい;四択では定義の言い換え・数値・例外の区別が問われやすい,,,,,,,,,,,,,,,,,,,draft
自賠責保険,リスク管理,FP2級;用語,すべての自動車・バイクに加入が義務付けられた強制保険。対人賠償のみを補償する。,すべての自動車・バイクに加入が義務付けられた強制保険。対人賠償のみを補償する。,,,A,自賠責保険が出る問題では、定義の言い換え・数値や期限の条件・似た用語との違いが問われやすいです。FP2級学科ではリスク管理分野の計算・制度理解とセットで確認してください。,,,,自賠責保険はリスク管理分野でFP2級学科に出題されやすい;四択では定義の言い換え・数値・例外の区別が問われやすい,,,,,,,,,,,,,,,,,,,draft
生命保険料控除,リスク管理,FP2級;用語,生命保険・介護医療保険・個人年金保険の保険料を所得控除できる制度。,支払った生命保険料の一定額を所得控除できる制度（一般・介護医療・個人年金の3区分）。,,,A,生命保険料控除が出る問題では、定義の言い換え・数値や期限の条件・似た用語との違いが問われやすいです。FP2級学科ではリスク管理分野の計算・制度理解とセットで確認してください。,,,,生命保険料控除はリスク管理分野でFP2級学科に出題されやすい;四択では定義の言い換え・数値・例外の区別が問われやすい,,,,,,,,,,,,,,,,,,,draft
地震保険料控除,リスク管理,FP2級;用語,地震保険料を所得控除できる制度。年間5万円を上限に全額控除。,地震保険料を所得控除できる制度。年間5万円を上限に全額控除。,,,B,地震保険料控除が出る問題では、定義の言い換え・数値や期限の条件・似た用語との違いが問われやすいです。FP2級学科ではリスク管理分野の計算・制度理解とセットで確認してください。,,,,地震保険料控除はリスク管理分野でFP2級学科に出題されやすい;四択では定義の言い換え・数値・例外の区別が問われやすい,,,,,,,,,,,,,,,,,,,draft
金融商品,金融資産運用,FP2級;用語,お金を運用・調達するための商品の総称。預金・債券・株式・投資信託などがある。,お金を運用・調達するための商品の総称。預金・債券・株式・投資信託などがある。,,,A,金融商品が出る問題では、定義の言い換え・数値や期限の条件・似た用語との違いが問われやすいです。FP2級学科では金融資産運用分野の計算・制度理解とセットで確認してください。,,,,金融商品は金融資産運用分野でFP2級学科に出題されやすい;四択では定義の言い換え・数値・例外の区別が問われやすい,,,,,,,,,,,,,,,,,,,draft
単利,金融資産運用,FP2級;用語,元本にのみ利息が付く計算方法。,元本のみに利息がつく利息計算方法。,,,A,単利が出る問題では、定義の言い換え・数値や期限の条件・似た用語との違いが問われやすいです。FP2級学科では金融資産運用分野の計算・制度理解とセットで確認してください。,,,,単利は金融資産運用分野でFP2級学科に出題されやすい;四択では定義の言い換え・数値・例外の区別が問われやすい,,,,,,,,,,,,,,,,,,,draft
複利,金融資産運用,FP2級;用語,元本に加え、すでに付いた利息にも利息が付く計算方法。長期運用で効果が大きい。,元本に加え、すでに付いた利息にも利息が付く計算方法。長期運用で効果が大きい。,,,A,複利が出る問題では、定義の言い換え・数値や期限の条件・似た用語との違いが問われやすいです。FP2級学科では金融資産運用分野の計算・制度理解とセットで確認してください。,,,,複利は金融資産運用分野でFP2級学科に出題されやすい;四択では定義の言い換え・数値・例外の区別が問われやすい,,,,,,,,,,,,,,,,,,,draft
預金,金融資産運用,FP2級;用語,金融機関にお金を預ける金融商品。元本保証がある。,金融機関にお金を預ける金融商品。元本保証がある。,,,A,預金が出る問題では、定義の言い換え・数値や期限の条件・似た用語との違いが問われやすいです。FP2級学科では金融資産運用分野の計算・制度理解とセットで確認してください。,,,,預金は金融資産運用分野でFP2級学科に出題されやすい;四択では定義の言い換え・数値・例外の区別が問われやすい,,,,,,,,,,,,,,,,,,,draft
普通預金,金融資産運用,FP2級;用語,いつでも出し入れ可能な流動性の高い預金。金利は低い。,いつでも自由に預け入れ・引き出しができる流動性の高い預金。,,,B,普通預金が出る問題では、定義の言い換え・数値や期限の条件・似た用語との違いが問われやすいです。FP2級学科では金融資産運用分野の計算・制度理解とセットで確認してください。,,,,普通預金は金融資産運用分野でFP2級学科に出題されやすい;四択では定義の言い換え・数値・例外の区別が問われやすい,,,,,,,,,,,,,,,,,,,draft
定期預金,金融資産運用,FP2級;用語,一定期間引き出せない代わりに普通預金より高い金利が得られる預金。,一定期間預け入れを約束する代わりに普通預金より高金利が得られる預金。,,,A,定期預金が出る問題では、定義の言い換え・数値や期限の条件・似た用語との違いが問われやすいです。FP2級学科では金融資産運用分野の計算・制度理解とセットで確認してください。,,,,定期預金は金融資産運用分野でFP2級学科に出題されやすい;四択では定義の言い換え・数値・例外の区別が問われやすい,,,,,,,,,,,,,,,,,,,draft
預金保険制度,金融資産運用,FP2級;用語,金融機関の破綻時に預金者を保護する制度。決済用預金は全額保護。,"金融機関が破綻した際に預金者を保護する制度（元本1,000万円と利息まで保護）。",,,A,預金保険制度が出る問題では、定義の言い換え・数値や期限の条件・似た用語との違いが問われやすいです。FP2級学科では金融資産運用分野の計算・制度理解とセットで確認してください。,,,,預金保険制度は金融資産運用分野でFP2級学科に出題されやすい;四択では定義の言い換え・数値・例外の区別が問われやすい,,,,,,,,,,,,,,,,,,,draft
債券,金融資産運用,FP2級;用語,国や企業が資金調達のために発行する借用証書。満期に額面金額が償還される。,国や企業が資金調達のために発行する借用証書。満期に額面金額が償還される。,,,A,債券が出る問題では、定義の言い換え・数値や期限の条件・似た用語との違いが問われやすいです。FP2級学科では金融資産運用分野の計算・制度理解とセットで確認してください。,,,,債券は金融資産運用分野でFP2級学科に出題されやすい;四択では定義の言い換え・数値・例外の区別が問われやすい,,,,,,,,,,,,,,,,,,,draft
国債,金融資産運用,FP2級;用語,国が発行する債券。個人向け国債は変動10年・固定5年・固定3年の3種類がある。,国が発行する債券。個人向け国債は変動10年・固定5年・固定3年の3種類がある。,,,A,国債が出る問題では、定義の言い換え・数値や期限の条件・似た用語との違いが問われやすいです。FP2級学科では金融資産運用分野の計算・制度理解とセットで確認してください。,,,,国債は金融資産運用分野でFP2級学科に出題されやすい;四択では定義の言い換え・数値・例外の区別が問われやすい,,,,,,,,,,,,,,,,,,,draft
社債,金融資産運用,FP2級;用語,企業が発行する債券。国債より一般に利回りが高いがリスクも高い。,企業が発行する債券。国債より一般に利回りが高いがリスクも高い。,,,A,社債が出る問題では、定義の言い換え・数値や期限の条件・似た用語との違いが問われやすいです。FP2級学科では金融資産運用分野の計算・制度理解とセットで確認してください。,,,,社債は金融資産運用分野でFP2級学科に出題されやすい;四択では定義の言い換え・数値・例外の区別が問われやすい,,,,,,,,,,,,,,,,,,,draft
利回り,金融資産運用,FP2級;用語,投資元本に対する年間収益（利子＋売却損益）の割合。,投資元本に対する年間収益（利子＋売却損益）の割合。,,,A,利回りが出る問題では、定義の言い換え・数値や期限の条件・似た用語との違いが問われやすいです。FP2級学科では金融資産運用分野の計算・制度理解とセットで確認してください。,,,,利回りは金融資産運用分野でFP2級学科に出題されやすい;四択では定義の言い換え・数値・例外の区別が問われやすい,,,,,,,,,,,,,,,,,,,draft
表面利率（クーポンレート）,金融資産運用,FP2級;用語,債券の額面金額に対して毎年支払われる利率。,債券の額面金額に対して毎年支払われる利率。,,,B,表面利率（クーポンレート）が出る問題では、定義の言い換え・数値や期限の条件・似た用語との違いが問われやすいです。FP2級学科では金融資産運用分野の計算・制度理解とセットで確認してください。,,,,表面利率（クーポンレート）は金融資産運用分野でFP2級学科に出題されやすい;四択では定義の言い換え・数値・例外の区別が問われやすい,,,,,,,,,,,,,,,,,,,draft
残存期間,金融資産運用,FP2級;用語,債券の現時点から満期日までの残りの期間。,債券の現時点から満期日までの残りの期間。,,,B,残存期間が出る問題では、定義の言い換え・数値や期限の条件・似た用語との違いが問われやすいです。FP2級学科では金融資産運用分野の計算・制度理解とセットで確認してください。,,,,残存期間は金融資産運用分野でFP2級学科に出題されやすい;四択では定義の言い換え・数値・例外の区別が問われやすい,,,,,,,,,,,,,,,,,,,draft
債券価格と金利の関係,金融資産運用,FP2級;用語,市場金利が上昇すると既存債券の価格は下落し、金利が低下すると価格は上昇する逆相関の関係。,市場金利が上昇すると既存債券の価格は下落し、金利が低下すると価格は上昇する逆相関の関係。,,,B,債券価格と金利の関係が出る問題では、定義の言い換え・数値や期限の条件・似た用語との違いが問われやすいです。FP2級学科では金融資産運用分野の計算・制度理解とセットで確認してください。,,,,債券価格と金利の関係は金融資産運用分野でFP2級学科に出題されやすい;四択では定義の言い換え・数値・例外の区別が問われやすい,,,,,,,,,,,,,,,,,,,draft
株式,金融資産運用,FP2級;用語,企業が発行する出資証券。株主は配当・議決権・残余財産分配請求権を持つ。,株式会社が資金調達のために発行する有価証券で、株主は会社の所有者の一員となる。,,,A,株式が出る問題では、定義の言い換え・数値や期限の条件・似た用語との違いが問われやすいです。FP2級学科では金融資産運用分野の計算・制度理解とセットで確認してください。,,,,株式は金融資産運用分野でFP2級学科に出題されやすい;四択では定義の言い換え・数値・例外の区別が問われやすい,,,,,,,,,,,,,,,,,,,draft
配当,金融資産運用,FP2級;用語,企業が利益の一部を株主に分配すること。,企業が利益の一部を株主に分配すること（配当金）。,,,A,配当が出る問題では、定義の言い換え・数値や期限の条件・似た用語との違いが問われやすいです。FP2級学科では金融資産運用分野の計算・制度理解とセットで確認してください。,,,,配当は金融資産運用分野でFP2級学科に出題されやすい;四択では定義の言い換え・数値・例外の区別が問われやすい,,,,,,,,,,,,,,,,,,,draft
PER（株価収益率）,金融資産運用,FP2級;用語,株価を1株当たり純利益で割った指標。株価の割高・割安の判断に使う。,株価を1株当たり純利益で割った指標。株価の割高・割安の判断に使う。,,,B,PER（株価収益率）が出る問題では、定義の言い換え・数値や期限の条件・似た用語との違いが問われやすいです。FP2級学科では金融資産運用分野の計算・制度理解とセットで確認してください。,,,,PER（株価収益率）は金融資産運用分野でFP2級学科に出題されやすい;四択では定義の言い換え・数値・例外の区別が問われやすい,,,,,,,,,,,,,,,,,,,draft
PBR（株価純資産倍率）,金融資産運用,FP2級;用語,株価を1株当たり純資産で割った指標。1倍割れは解散価値を下回る状態。,株価÷1株当たり純資産で算出する指標（1倍を下回ると解散価値割れ）。,,,B,PBR（株価純資産倍率）が出る問題では、定義の言い換え・数値や期限の条件・似た用語との違いが問われやすいです。FP2級学科では金融資産運用分野の計算・制度理解とセットで確認してください。,,,,PBR（株価純資産倍率）は金融資産運用分野でFP2級学科に出題されやすい;四択では定義の言い換え・数値・例外の区別が問われやすい,,,,,,,,,,,,,,,,,,,draft
配当利回り,金融資産運用,FP2級;用語,1株当たり配当金を株価で割った指標。株式投資の利回りの目安。,1株当たり配当金を株価で割った指標。株式投資の利回りの目安。,,,B,配当利回りが出る問題では、定義の言い換え・数値や期限の条件・似た用語との違いが問われやすいです。FP2級学科では金融資産運用分野の計算・制度理解とセットで確認してください。,,,,配当利回りは金融資産運用分野でFP2級学科に出題されやすい;四択では定義の言い換え・数値・例外の区別が問われやすい,,,,,,,,,,,,,,,,,,,draft
投資信託,金融資産運用,FP2級;用語,多数の投資家から資金を集め、専門家が株式・債券等に分散投資する金融商品。,多数の投資家から資金を集め、専門家が株式・債券等に分散投資する金融商品。,,,A,投資信託が出る問題では、定義の言い換え・数値や期限の条件・似た用語との違いが問われやすいです。FP2級学科では金融資産運用分野の計算・制度理解とセットで確認してください。,,,,投資信託は金融資産運用分野でFP2級学科に出題されやすい;四択では定義の言い換え・数値・例外の区別が問われやすい,,,,,,,,,,,,,,,,,,,draft
基準価額,金融資産運用,FP2級;用語,投資信託の1口（または1万口）当たりの純資産価値。毎営業日算出される。,投資信託の1口（1万口）当たりの時価で、原則として毎営業日算出される。,,,A,基準価額が出る問題では、定義の言い換え・数値や期限の条件・似た用語との違いが問われやすいです。FP2級学科では金融資産運用分野の計算・制度理解とセットで確認してください。,,,,基準価額は金融資産運用分野でFP2級学科に出題されやすい;四択では定義の言い換え・数値・例外の区別が問われやすい,,,,,,,,,,,,,,,,,,,draft
信託報酬,金融資産運用,FP2級;用語,投資信託の運用・管理に対して投資家が継続的に負担する費用。,投資信託の運用・管理に対して投資家が継続的に負担する費用。,,,B,信託報酬が出る問題では、定義の言い換え・数値や期限の条件・似た用語との違いが問われやすいです。FP2級学科では金融資産運用分野の計算・制度理解とセットで確認してください。,,,,信託報酬は金融資産運用分野でFP2級学科に出題されやすい;四択では定義の言い換え・数値・例外の区別が問われやすい,,,,,,,,,,,,,,,,,,,draft
ETF（上場投資信託）,金融資産運用,FP2級;用語,証券取引所に上場し株式と同様に売買できる投資信託。,証券取引所に上場され、株式と同様にリアルタイムで売買できる投資信託。,,,B,ETF（上場投資信託）が出る問題では、定義の言い換え・数値や期限の条件・似た用語との違いが問われやすいです。FP2級学科では金融資産運用分野の計算・制度理解とセットで確認してください。,,,,ETF（上場投資信託）は金融資産運用分野でFP2級学科に出題されやすい;四択では定義の言い換え・数値・例外の区別が問われやすい,,,,,,,,,,,,,,,,,,,draft
NISA（少額投資非課税制度）,金融資産運用,FP2級;用語,一定額までの投資から得た利益・配当が非課税になる制度。成長投資枠と積立投資枠の2種類がある。,一定額までの投資から得た利益・配当が非課税になる制度。成長投資枠と積立投資枠の2種類がある。,,,A,NISA（少額投資非課税制度）が出る問題では、定義の言い換え・数値や期限の条件・似た用語との違いが問われやすいです。FP2級学科では金融資産運用分野の計算・制度理解とセットで確認してください。,,,,NISA（少額投資非課税制度）は金融資産運用分野でFP2級学科に出題されやすい;四択では定義の言い換え・数値・例外の区別が問われやすい,,,,,,,,,,,,,,,,,,,draft
新NISA,金融資産運用,FP2級;用語,2024年から始まった恒久化されたNISA制度。年間360万円・生涯1800万円まで非課税枠がある。,2024年から始まった恒久化されたNISA制度。年間360万円・生涯1800万円まで非課税枠がある。,,,B,新NISAが出る問題では、定義の言い換え・数値や期限の条件・似た用語との違いが問われやすいです。FP2級学科では金融資産運用分野の計算・制度理解とセットで確認してください。,,,,新NISAは金融資産運用分野でFP2級学科に出題されやすい;四択では定義の言い換え・数値・例外の区別が問われやすい,,,,,,,,,,,,,,,,,,,draft
外貨預金,金融資産運用,FP2級;用語,外国通貨で預け入れる預金。為替変動リスクがあり、預金保険の対象外。,外国通貨で預け入れる預金。為替変動リスクがあり、預金保険の対象外。,,,B,外貨預金が出る問題では、定義の言い換え・数値や期限の条件・似た用語との違いが問われやすいです。FP2級学科では金融資産運用分野の計算・制度理解とセットで確認してください。,,,,外貨預金は金融資産運用分野でFP2級学科に出題されやすい;四択では定義の言い換え・数値・例外の区別が問われやすい,,,,,,,,,,,,,,,,,,,draft
為替レート,金融資産運用,FP2級;用語,異なる通貨を交換する際の比率（レート）。,異なる通貨を交換する際の比率（レート）。,,,A,為替レートが出る問題では、定義の言い換え・数値や期限の条件・似た用語との違いが問われやすいです。FP2級学科では金融資産運用分野の計算・制度理解とセットで確認してください。,,,,為替レートは金融資産運用分野でFP2級学科に出題されやすい;四択では定義の言い換え・数値・例外の区別が問われやすい,,,,,,,,,,,,,,,,,,,draft
ポートフォリオ,金融資産運用,FP2級;用語,複数の資産を組み合わせた投資の全体構成。分散投資によりリスクを低減する。,複数の資産を組み合わせた投資の全体構成。分散投資によりリスクを低減する。,,,A,ポートフォリオが出る問題では、定義の言い換え・数値や期限の条件・似た用語との違いが問われやすいです。FP2級学科では金融資産運用分野の計算・制度理解とセットで確認してください。,,,,ポートフォリオは金融資産運用分野でFP2級学科に出題されやすい;四択では定義の言い換え・数値・例外の区別が問われやすい,,,,,,,,,,,,,,,,,,,draft
分散投資,金融資産運用,FP2級;用語,複数の資産・地域・時間に分けて投資することでリスクを軽減する方法。,複数の資産・地域・時間に分けて投資することでリスクを軽減する方法。,,,B,分散投資が出る問題では、定義の言い換え・数値や期限の条件・似た用語との違いが問われやすいです。FP2級学科では金融資産運用分野の計算・制度理解とセットで確認してください。,,,,分散投資は金融資産運用分野でFP2級学科に出題されやすい;四択では定義の言い換え・数値・例外の区別が問われやすい,,,,,,,,,,,,,,,,,,,draft
金融商品取引法,金融資産運用,FP2級;用語,有価証券・デリバティブ等の取引を規制し投資家を保護する法律。,有価証券・デリバティブ等の取引を規制し投資家を保護する法律。,,,B,金融商品取引法が出る問題では、定義の言い換え・数値や期限の条件・似た用語との違いが問われやすいです。FP2級学科では金融資産運用分野の計算・制度理解とセットで確認してください。,,,,金融商品取引法は金融資産運用分野でFP2級学科に出題されやすい;四択では定義の言い換え・数値・例外の区別が問われやすい,,,,,,,,,,,,,,,,,,,draft
所得税,タックスプランニング,FP2級;用語,個人の所得に対して課される国税。1月1日から12月31日の暦年単位で課税される。,個人の所得に対して課される国税。1月1日から12月31日の暦年単位で課税される。,,,A,所得税が出る問題では、定義の言い換え・数値や期限の条件・似た用語との違いが問われやすいです。FP2級学科ではタックスプランニング分野の計算・制度理解とセットで確認してください。,,,,所得税はタックスプランニング分野でFP2級学科に出題されやすい;四択では定義の言い換え・数値・例外の区別が問われやすい,,,,,,,,,,,,,,,,,,,draft
源泉徴収,タックスプランニング,FP2級;用語,給与・利子・配当などの支払い時に、支払者が税金をあらかじめ差し引いて国に納付する制度。,給与・利子・配当などの支払い時に、支払者が税金をあらかじめ差し引いて国に納付する制度。,,,A,源泉徴収が出る問題では、定義の言い換え・数値や期限の条件・似た用語との違いが問われやすいです。FP2級学科ではタックスプランニング分野の計算・制度理解とセットで確認してください。,,,,源泉徴収はタックスプランニング分野でFP2級学科に出題されやすい;四択では定義の言い換え・数値・例外の区別が問われやすい,,,,,,,,,,,,,,,,,,,draft
年末調整,タックスプランニング,FP2級;用語,給与所得者について、1年間の所得税を会社が精算する手続き。多くの場合、確定申告は不要になる。,給与所得者について、1年間の所得税を会社が精算する手続き。多くの場合、確定申告は不要になる。,,,A,年末調整が出る問題では、定義の言い換え・数値や期限の条件・似た用語との違いが問われやすいです。FP2級学科ではタックスプランニング分野の計算・制度理解とセットで確認してください。,,,,年末調整はタックスプランニング分野でFP2級学科に出題されやすい;四択では定義の言い換え・数値・例外の区別が問われやすい,,,,,,,,,,,,,,,,,,,draft
確定申告,タックスプランニング,FP2級;用語,1月1日から12月31日の所得と税額を翌年2月16日〜3月15日に税務署に申告する手続き。,1月1日から12月31日の所得と税額を翌年2月16日〜3月15日に税務署に申告する手続き。,,,A,確定申告が出る問題では、定義の言い換え・数値や期限の条件・似た用語との違いが問われやすいです。FP2級学科ではタックスプランニング分野の計算・制度理解とセットで確認してください。,,,,確定申告はタックスプランニング分野でFP2級学科に出題されやすい;四択では定義の言い換え・数値・例外の区別が問われやすい,,,,,,,,,,,,,,,,,,,draft
給与所得,タックスプランニング,FP2級;用語,会社員が勤務先から受け取る給与・賞与に関する所得。給与収入から給与所得控除を差し引いて求める。,会社員が勤務先から受け取る給与・賞与に関する所得。給与収入から給与所得控除を差し引いて求める。,,,A,給与所得が出る問題では、定義の言い換え・数値や期限の条件・似た用語との違いが問われやすいです。FP2級学科ではタックスプランニング分野の計算・制度理解とセットで確認してください。,,,,給与所得はタックスプランニング分野でFP2級学科に出題されやすい;四択では定義の言い換え・数値・例外の区別が問われやすい,,,,,,,,,,,,,,,,,,,draft
事業所得,タックスプランニング,FP2級;用語,個人が営む事業から生じる所得。収入から必要経費を差し引いて求める。,個人が営む事業から生じる所得。収入から必要経費を差し引いて求める。,,,A,事業所得が出る問題では、定義の言い換え・数値や期限の条件・似た用語との違いが問われやすいです。FP2級学科ではタックスプランニング分野の計算・制度理解とセットで確認してください。,,,,事業所得はタックスプランニング分野でFP2級学科に出題されやすい;四択では定義の言い換え・数値・例外の区別が問われやすい,,,,,,,,,,,,,,,,,,,draft
不動産所得,タックスプランニング,FP2級;用語,土地・建物の貸付から生じる所得。収入から必要経費を差し引いて求める。,土地・建物の貸付から生じる所得。収入から必要経費を差し引いて求める。,,,A,不動産所得が出る問題では、定義の言い換え・数値や期限の条件・似た用語との違いが問われやすいです。FP2級学科ではタックスプランニング分野の計算・制度理解とセットで確認してください。,,,,不動産所得はタックスプランニング分野でFP2級学科に出題されやすい;四択では定義の言い換え・数値・例外の区別が問われやすい,,,,,,,,,,,,,,,,,,,draft
配当所得,タックスプランニング,FP2級;用語,株式等の配当から生じる所得。申告分離課税・総合課税・申告不要を選択できる場合がある。,株式等の配当から生じる所得。申告分離課税・総合課税・申告不要を選択できる場合がある。,,,A,配当所得が出る問題では、定義の言い換え・数値や期限の条件・似た用語との違いが問われやすいです。FP2級学科ではタックスプランニング分野の計算・制度理解とセットで確認してください。,,,,配当所得はタックスプランニング分野でFP2級学科に出題されやすい;四択では定義の言い換え・数値・例外の区別が問われやすい,,,,,,,,,,,,,,,,,,,draft
一時所得,タックスプランニング,FP2級;用語,懸賞・生命保険の満期金など、偶発的・一時的な所得。総収入から費用と50万円の特別控除を差し引く。,懸賞・生命保険の満期金など、偶発的・一時的な所得。総収入から費用と50万円の特別控除を差し引く。,,,A,一時所得が出る問題では、定義の言い換え・数値や期限の条件・似た用語との違いが問われやすいです。FP2級学科ではタックスプランニング分野の計算・制度理解とセットで確認してください。,,,,一時所得はタックスプランニング分野でFP2級学科に出題されやすい;四択では定義の言い換え・数値・例外の区別が問われやすい,,,,,,,,,,,,,,,,,,,draft
雑所得,タックスプランニング,FP2級;用語,他の所得区分に該当しない所得。公的年金・副業収入などが該当する。,他の所得区分に該当しない所得。公的年金・副業収入などが該当する。,,,A,雑所得が出る問題では、定義の言い換え・数値や期限の条件・似た用語との違いが問われやすいです。FP2級学科ではタックスプランニング分野の計算・制度理解とセットで確認してください。,,,,雑所得はタックスプランニング分野でFP2級学科に出題されやすい;四択では定義の言い換え・数値・例外の区別が問われやすい,,,,,,,,,,,,,,,,,,,draft
退職所得,タックスプランニング,FP2級;用語,退職金・確定拠出年金の一時受取などから生じる所得。退職所得控除があり税負担が軽い。,退職金・確定拠出年金の一時受取などから生じる所得。退職所得控除があり税負担が軽い。,,,A,退職所得が出る問題では、定義の言い換え・数値や期限の条件・似た用語との違いが問われやすいです。FP2級学科ではタックスプランニング分野の計算・制度理解とセットで確認してください。,,,,退職所得はタックスプランニング分野でFP2級学科に出題されやすい;四択では定義の言い換え・数値・例外の区別が問われやすい,,,,,,,,,,,,,,,,,,,draft
譲渡所得,タックスプランニング,FP2級;用語,土地・建物・株式等の資産の譲渡から生じる所得。保有期間によって税率が異なる。,土地・建物・株式等の資産の譲渡から生じる所得。保有期間によって税率が異なる。,,,A,譲渡所得が出る問題では、定義の言い換え・数値や期限の条件・似た用語との違いが問われやすいです。FP2級学科ではタックスプランニング分野の計算・制度理解とセットで確認してください。,,,,譲渡所得はタックスプランニング分野でFP2級学科に出題されやすい;四択では定義の言い換え・数値・例外の区別が問われやすい,,,,,,,,,,,,,,,,,,,draft
所得控除,タックスプランニング,FP2級;用語,所得税を計算する際に課税所得から差し引ける控除。基礎控除・配偶者控除・扶養控除など14種類ある。,所得税を計算する際に課税所得から差し引ける控除。基礎控除・配偶者控除・扶養控除など14種類ある。,,,A,所得控除が出る問題では、定義の言い換え・数値や期限の条件・似た用語との違いが問われやすいです。FP2級学科ではタックスプランニング分野の計算・制度理解とセットで確認してください。,,,,所得控除はタックスプランニング分野でFP2級学科に出題されやすい;四択では定義の言い換え・数値・例外の区別が問われやすい,,,,,,,,,,,,,,,,,,,draft
基礎控除,タックスプランニング,FP2級;用語,すべての納税者に認められる控除。合計所得金額2400万円以下なら48万円、以降段階的に減少する。,すべての納税者に認められる控除。合計所得金額2400万円以下なら48万円、以降段階的に減少する。,,,A,基礎控除が出る問題では、定義の言い換え・数値や期限の条件・似た用語との違いが問われやすいです。FP2級学科ではタックスプランニング分野の計算・制度理解とセットで確認してください。,,,,基礎控除はタックスプランニング分野でFP2級学科に出題されやすい;四択では定義の言い換え・数値・例外の区別が問われやすい,,,,,,,,,,,,,,,,,,,draft
配偶者控除,タックスプランニング,FP2級;用語,合計所得金額48万円以下の配偶者がいる場合に受けられる控除。,配偶者の合計所得金額が48万円以下の場合に受けられる所得控除（最大38万円）。,,,A,配偶者控除が出る問題では、定義の言い換え・数値や期限の条件・似た用語との違いが問われやすいです。FP2級学科ではタックスプランニング分野の計算・制度理解とセットで確認してください。,,,,配偶者控除はタックスプランニング分野でFP2級学科に出題されやすい;四択では定義の言い換え・数値・例外の区別が問われやすい,,,,,,,,,,,,,,,,,,,draft
小規模企業共済等掛金控除,タックスプランニング,FP2級;用語,iDeCoの掛金や小規模企業共済の掛金を全額控除できる制度。,iDeCoの掛金・小規模企業共済の掛金を全額所得控除できる制度。,,,B,小規模企業共済等掛金控除が出る問題では、定義の言い換え・数値や期限の条件・似た用語との違いが問われやすいです。FP2級学科ではタックスプランニング分野の計算・制度理解とセットで確認してください。,,,,小規模企業共済等掛金控除はタックスプランニング分野でFP2級学科に出題されやすい;四択では定義の言い換え・数値・例外の区別が問われやすい,,,,,,,,,,,,,,,,,,,draft
医療費控除,タックスプランニング,FP2級;用語,年間の医療費が10万円（または合計所得の5%）を超えた場合に、超過分を控除できる制度。,一定額を超えた医療費を所得から控除できる制度（総所得金額等の5%または10万円を超えた部分）。,,,A,医療費控除が出る問題では、定義の言い換え・数値や期限の条件・似た用語との違いが問われやすいです。FP2級学科ではタックスプランニング分野の計算・制度理解とセットで確認してください。,,,,医療費控除はタックスプランニング分野でFP2級学科に出題されやすい;四択では定義の言い換え・数値・例外の区別が問われやすい,,,,,,,,,,,,,,,,,,,draft
寄附金控除,タックスプランニング,FP2級;用語,ふるさと納税などの寄附金を一定額まで所得控除または税額控除できる制度。,ふるさと納税などの寄附金を一定額まで所得控除または税額控除できる制度。,,,B,寄附金控除が出る問題では、定義の言い換え・数値や期限の条件・似た用語との違いが問われやすいです。FP2級学科ではタックスプランニング分野の計算・制度理解とセットで確認してください。,,,,寄附金控除はタックスプランニング分野でFP2級学科に出題されやすい;四択では定義の言い換え・数値・例外の区別が問われやすい,,,,,,,,,,,,,,,,,,,draft
住宅借入金等特別控除（住宅ローン控除）,タックスプランニング,FP2級;用語,住宅ローン年末残高の一定割合を所得税から直接差し引ける税額控除。,住宅ローン年末残高の一定割合を所得税から直接差し引ける税額控除。,,,B,住宅借入金等特別控除（住宅ローン控除）が出る問題では、定義の言い換え・数値や期限の条件・似た用語との違いが問われやすいです。FP2級学科ではタックスプランニング分野の計算・制度理解とセットで確認してください。,,,,住宅借入金等特別控除（住宅ローン控除）はタックスプランニング分野でFP2級学科に出題されやすい;四択では定義の言い換え・数値・例外の区別が問われやすい,,,,,,,,,,,,,,,,,,,draft
青色申告,タックスプランニング,FP2級;用語,複式簿記などの記帳を行う代わりに最大65万円の青色申告特別控除などの特典が得られる申告方式。,複式簿記などの記帳を行う代わりに最大65万円の青色申告特別控除などの特典が得られる申告方式。,,,A,青色申告が出る問題では、定義の言い換え・数値や期限の条件・似た用語との違いが問われやすいです。FP2級学科ではタックスプランニング分野の計算・制度理解とセットで確認してください。,,,,青色申告はタックスプランニング分野でFP2級学科に出題されやすい;四択では定義の言い換え・数値・例外の区別が問われやすい,,,,,,,,,,,,,,,,,,,draft
損益通算,タックスプランニング,FP2級;用語,不動産所得・事業所得・山林所得・譲渡所得の損失を他の所得と相殺できる制度。,不動産所得・事業所得・山林所得・譲渡所得の損失を他の所得と相殺できる制度。,,,A,損益通算が出る問題では、定義の言い換え・数値や期限の条件・似た用語との違いが問われやすいです。FP2級学科ではタックスプランニング分野の計算・制度理解とセットで確認してください。,,,,損益通算はタックスプランニング分野でFP2級学科に出題されやすい;四択では定義の言い換え・数値・例外の区別が問われやすい,,,,,,,,,,,,,,,,,,,draft
繰越控除,タックスプランニング,FP2級;用語,その年に控除しきれなかった損失を翌年以降に繰り越して控除できる制度。,その年に控除しきれなかった損失を翌年以降に繰り越して控除できる制度。,,,B,繰越控除が出る問題では、定義の言い換え・数値や期限の条件・似た用語との違いが問われやすいです。FP2級学科ではタックスプランニング分野の計算・制度理解とセットで確認してください。,,,,繰越控除はタックスプランニング分野でFP2級学科に出題されやすい;四択では定義の言い換え・数値・例外の区別が問われやすい,,,,,,,,,,,,,,,,,,,draft
住民税,タックスプランニング,FP2級;用語,都道府県民税と市区町村民税の合計。前年の所得に基づき課税される地方税。,都道府県民税と市区町村民税の合計。前年の所得に基づき課税される地方税。,,,A,住民税が出る問題では、定義の言い換え・数値や期限の条件・似た用語との違いが問われやすいです。FP2級学科ではタックスプランニング分野の計算・制度理解とセットで確認してください。,,,,住民税はタックスプランニング分野でFP2級学科に出題されやすい;四択では定義の言い換え・数値・例外の区別が問われやすい,,,,,,,,,,,,,,,,,,,draft
消費税,タックスプランニング,FP2級;用語,商品・サービスの消費に対して課される間接税。現在の標準税率は10%（軽減税率8%）。,商品・サービスの消費に対して課される間接税。現在の標準税率は10%（軽減税率8%）。,,,A,消費税が出る問題では、定義の言い換え・数値や期限の条件・似た用語との違いが問われやすいです。FP2級学科ではタックスプランニング分野の計算・制度理解とセットで確認してください。,,,,消費税はタックスプランニング分野でFP2級学科に出題されやすい;四択では定義の言い換え・数値・例外の区別が問われやすい,,,,,,,,,,,,,,,,,,,draft
法人税,タックスプランニング,FP2級;用語,法人の所得に対して課される国税。個人の所得税に相当する。,法人の所得に対して課される国税。個人の所得税に相当する。,,,A,法人税が出る問題では、定義の言い換え・数値や期限の条件・似た用語との違いが問われやすいです。FP2級学科ではタックスプランニング分野の計算・制度理解とセットで確認してください。,,,,法人税はタックスプランニング分野でFP2級学科に出題されやすい;四択では定義の言い換え・数値・例外の区別が問われやすい,,,,,,,,,,,,,,,,,,,draft
インボイス制度,タックスプランニング,FP2級;用語,消費税の仕入税額控除に適格請求書（インボイス）の保存を要件とする制度。,消費税の仕入税額控除に適格請求書（インボイス）の保存を要件とする制度。,,,B,インボイス制度が出る問題では、定義の言い換え・数値や期限の条件・似た用語との違いが問われやすいです。FP2級学科ではタックスプランニング分野の計算・制度理解とセットで確認してください。,,,,インボイス制度はタックスプランニング分野でFP2級学科に出題されやすい;四択では定義の言い換え・数値・例外の区別が問われやすい,,,,,,,,,,,,,,,,,,,draft
不動産,不動産,FP2級;用語,土地および建物（定着物）の総称。民法では不動産以外を動産と定義する。,土地および建物（定着物）の総称。民法では不動産以外を動産と定義する。,,,A,不動産が出る問題では、定義の言い換え・数値や期限の条件・似た用語との違いが問われやすいです。FP2級学科では不動産分野の計算・制度理解とセットで確認してください。,,,,不動産は不動産分野でFP2級学科に出題されやすい;四択では定義の言い換え・数値・例外の区別が問われやすい,,,,,,,,,,,,,,,,,,,draft
登記,不動産,FP2級;用語,不動産の所有権・抵当権などの権利関係を法務局の登記簿に記録し、公示する制度。,不動産の所有権・抵当権などの権利関係を法務局の登記簿に記録し、公示する制度。,,,A,登記が出る問題では、定義の言い換え・数値や期限の条件・似た用語との違いが問われやすいです。FP2級学科では不動産分野の計算・制度理解とセットで確認してください。,,,,登記は不動産分野でFP2級学科に出題されやすい;四択では定義の言い換え・数値・例外の区別が問われやすい,,,,,,,,,,,,,,,,,,,draft
権利部（甲区）,不動産,FP2級;用語,登記簿の中で、所有権に関する情報を記録した部分。,登記簿の中で、所有権に関する情報を記録した部分。,,,B,権利部（甲区）が出る問題では、定義の言い換え・数値や期限の条件・似た用語との違いが問われやすいです。FP2級学科では不動産分野の計算・制度理解とセットで確認してください。,,,,権利部（甲区）は不動産分野でFP2級学科に出題されやすい;四択では定義の言い換え・数値・例外の区別が問われやすい,,,,,,,,,,,,,,,,,,,draft
権利部（乙区）,不動産,FP2級;用語,登記簿の中で、抵当権・地役権などの所有権以外の権利を記録した部分。,登記簿の中で、抵当権・地役権などの所有権以外の権利を記録した部分。,,,B,権利部（乙区）が出る問題では、定義の言い換え・数値や期限の条件・似た用語との違いが問われやすいです。FP2級学科では不動産分野の計算・制度理解とセットで確認してください。,,,,権利部（乙区）は不動産分野でFP2級学科に出題されやすい;四択では定義の言い換え・数値・例外の区別が問われやすい,,,,,,,,,,,,,,,,,,,draft
固定資産税評価額,不動産,FP2級;用語,市区町村が固定資産税算定のために評価した価格。公示地価の約70%が目安。,市区町村が固定資産税課税のために評価した土地・建物の価格（公示価格の約70%）。,,,A,固定資産税評価額が出る問題では、定義の言い換え・数値や期限の条件・似た用語との違いが問われやすいです。FP2級学科では不動産分野の計算・制度理解とセットで確認してください。,,,,固定資産税評価額は不動産分野でFP2級学科に出題されやすい;四択では定義の言い換え・数値・例外の区別が問われやすい,,,,,,,,,,,,,,,,,,,draft
相続税評価額（路線価）,不動産,FP2級;用語,相続税・贈与税の計算に使う土地の評価額。国税庁が毎年7月に公表する。公示地価の約80%が目安。,相続税・贈与税の計算に使う土地の評価額。国税庁が毎年7月に公表する。公示地価の約80%が目安。,,,A,相続税評価額（路線価）が出る問題では、定義の言い換え・数値や期限の条件・似た用語との違いが問われやすいです。FP2級学科では不動産分野の計算・制度理解とセットで確認してください。,,,,相続税評価額（路線価）は不動産分野でFP2級学科に出題されやすい;四択では定義の言い換え・数値・例外の区別が問われやすい,,,,,,,,,,,,,,,,,,,draft
建築基準法,不動産,FP2級;用語,建物の敷地・構造・設備・用途に関する最低基準を定めた法律。,建築物の安全性・衛生環境等を確保するための法律（用途制限・形態規制等）。,,,A,建築基準法が出る問題では、定義の言い換え・数値や期限の条件・似た用語との違いが問われやすいです。FP2級学科では不動産分野の計算・制度理解とセットで確認してください。,,,,建築基準法は不動産分野でFP2級学科に出題されやすい;四択では定義の言い換え・数値・例外の区別が問われやすい,,,,,,,,,,,,,,,,,,,draft
都市計画法,不動産,FP2級;用語,都市の健全な発展のために土地利用・開発を規制する法律。,計画的な都市の整備を目的とした法律（都市計画区域・用途地域等を定める）。,,,B,都市計画法が出る問題では、定義の言い換え・数値や期限の条件・似た用語との違いが問われやすいです。FP2級学科では不動産分野の計算・制度理解とセットで確認してください。,,,,都市計画法は不動産分野でFP2級学科に出題されやすい;四択では定義の言い換え・数値・例外の区別が問われやすい,,,,,,,,,,,,,,,,,,,draft
用途地域,不動産,FP2級;用語,都市計画法に基づき、土地の用途を規制するために指定された地域。住居系・商業系・工業系に大別される。,都市計画法に基づき、土地の用途を規制するために指定された地域。住居系・商業系・工業系に大別される。,,,B,用途地域が出る問題では、定義の言い換え・数値や期限の条件・似た用語との違いが問われやすいです。FP2級学科では不動産分野の計算・制度理解とセットで確認してください。,,,,用途地域は不動産分野でFP2級学科に出題されやすい;四択では定義の言い換え・数値・例外の区別が問われやすい,,,,,,,,,,,,,,,,,,,draft
建ぺい率,不動産,FP2級;用語,敷地面積に対する建築面積（1階の水平投影面積）の割合。用途地域ごとに上限が定められている。,敷地面積に対する建築面積（1階の水平投影面積）の割合。用途地域ごとに上限が定められている。,,,A,建ぺい率が出る問題では、定義の言い換え・数値や期限の条件・似た用語との違いが問われやすいです。FP2級学科では不動産分野の計算・制度理解とセットで確認してください。,,,,建ぺい率は不動産分野でFP2級学科に出題されやすい;四択では定義の言い換え・数値・例外の区別が問われやすい,,,,,,,,,,,,,,,,,,,draft
容積率,不動産,FP2級;用語,敷地面積に対する延べ床面積の割合。用途地域ごとに上限が定められている。,敷地面積に対する延べ床面積の割合。用途地域ごとに上限が定められている。,,,A,容積率が出る問題では、定義の言い換え・数値や期限の条件・似た用語との違いが問われやすいです。FP2級学科では不動産分野の計算・制度理解とセットで確認してください。,,,,容積率は不動産分野でFP2級学科に出題されやすい;四択では定義の言い換え・数値・例外の区別が問われやすい,,,,,,,,,,,,,,,,,,,draft
セットバック,不動産,FP2級;用語,幅員4m未満の道路（2項道路）に面する土地で、道路中心線から2m後退すること。,幅員4m未満の道路（2項道路）に面する場合に道路中心線から2m後退して建築する義務。,,,B,セットバックが出る問題では、定義の言い換え・数値や期限の条件・似た用語との違いが問われやすいです。FP2級学科では不動産分野の計算・制度理解とセットで確認してください。,,,,セットバックは不動産分野でFP2級学科に出題されやすい;四択では定義の言い換え・数値・例外の区別が問われやすい,,,,,,,,,,,,,,,,,,,draft
媒介契約,不動産,FP2級;用語,売主または買主が不動産会社に売買・賃貸の仲介を依頼する契約。専属専任・専任・一般の3種類がある。,売主または買主が不動産会社に売買・賃貸の仲介を依頼する契約。専属専任・専任・一般の3種類がある。,,,A,媒介契約が出る問題では、定義の言い換え・数値や期限の条件・似た用語との違いが問われやすいです。FP2級学科では不動産分野の計算・制度理解とセットで確認してください。,,,,媒介契約は不動産分野でFP2級学科に出題されやすい;四択では定義の言い換え・数値・例外の区別が問われやすい,,,,,,,,,,,,,,,,,,,draft
宅地建物取引業法（宅建業法）,不動産,FP2級;用語,不動産取引を規制し消費者を保護する法律。宅建士による重要事項説明を義務付けている。,不動産取引を規制し消費者を保護する法律。宅建士による重要事項説明を義務付けている。,,,B,宅地建物取引業法（宅建業法）が出る問題では、定義の言い換え・数値や期限の条件・似た用語との違いが問われやすいです。FP2級学科では不動産分野の計算・制度理解とセットで確認してください。,,,,宅地建物取引業法（宅建業法）は不動産分野でFP2級学科に出題されやすい;四択では定義の言い換え・数値・例外の区別が問われやすい,,,,,,,,,,,,,,,,,,,draft
重要事項説明,不動産,FP2級;用語,不動産売買・賃貸契約前に宅建士が買主・借主に物件・契約内容を説明する義務。,宅建業者が契約前に宅建士が行う物件・取引条件等の説明義務（書面交付・記名が必要）。,,,B,重要事項説明が出る問題では、定義の言い換え・数値や期限の条件・似た用語との違いが問われやすいです。FP2級学科では不動産分野の計算・制度理解とセットで確認してください。,,,,重要事項説明は不動産分野でFP2級学科に出題されやすい;四択では定義の言い換え・数値・例外の区別が問われやすい,,,,,,,,,,,,,,,,,,,draft
抵当権,不動産,FP2級;用語,住宅ローンなどの担保として不動産に設定される権利。返済不能時に競売で回収できる。,住宅ローンなどの担保として不動産に設定される権利。返済不能時に競売で回収できる。,,,A,抵当権が出る問題では、定義の言い換え・数値や期限の条件・似た用語との違いが問われやすいです。FP2級学科では不動産分野の計算・制度理解とセットで確認してください。,,,,抵当権は不動産分野でFP2級学科に出題されやすい;四択では定義の言い換え・数値・例外の区別が問われやすい,,,,,,,,,,,,,,,,,,,draft
固定資産税,不動産,FP2級;用語,毎年1月1日時点の土地・建物の所有者に課される地方税。税率は原則1.4%。,毎年1月1日現在の不動産所有者に市区町村が課税する税（評価額×1.4%が標準税率）。,,,A,固定資産税が出る問題では、定義の言い換え・数値や期限の条件・似た用語との違いが問われやすいです。FP2級学科では不動産分野の計算・制度理解とセットで確認してください。,,,,固定資産税は不動産分野でFP2級学科に出題されやすい;四択では定義の言い換え・数値・例外の区別が問われやすい,,,,,,,,,,,,,,,,,,,draft
不動産取得税,不動産,FP2級;用語,土地・建物を取得した際に一度だけ課される地方税。,不動産を取得した際に都道府県が課税する税（固定資産税評価額×3%、住宅等は軽減措置あり）。,,,A,不動産取得税が出る問題では、定義の言い換え・数値や期限の条件・似た用語との違いが問われやすいです。FP2級学科では不動産分野の計算・制度理解とセットで確認してください。,,,,不動産取得税は不動産分野でFP2級学科に出題されやすい;四択では定義の言い換え・数値・例外の区別が問われやすい,,,,,,,,,,,,,,,,,,,draft
登録免許税,不動産,FP2級;用語,不動産の登記・登録の際に課される国税。,不動産の所有権移転登記・抵当権設定登記等に課税される国税。,,,A,登録免許税が出る問題では、定義の言い換え・数値や期限の条件・似た用語との違いが問われやすいです。FP2級学科では不動産分野の計算・制度理解とセットで確認してください。,,,,登録免許税は不動産分野でFP2級学科に出題されやすい;四択では定義の言い換え・数値・例外の区別が問われやすい,,,,,,,,,,,,,,,,,,,draft
譲渡所得（不動産）,不動産,FP2級;用語,不動産の売却益。所有期間5年超（長期）か5年以下（短期）かで税率が異なる。,不動産の売却益。所有期間5年超（長期）か5年以下（短期）かで税率が異なる。,,,A,譲渡所得（不動産）が出る問題では、定義の言い換え・数値や期限の条件・似た用語との違いが問われやすいです。FP2級学科では不動産分野の計算・制度理解とセットで確認してください。,,,,譲渡所得（不動産）は不動産分野でFP2級学科に出題されやすい;四択では定義の言い換え・数値・例外の区別が問われやすい,,,,,,,,,,,,,,,,,,,draft
"3,000万円特別控除",不動産,FP2級;用語,居住用財産の譲渡所得について、3000万円まで特別控除できる制度。,居住用財産の譲渡所得について、3000万円まで特別控除できる制度。,,,A,"3,000万円特別控除が出る問題では、定義の言い換え・数値や期限の条件・似た用語との違いが問われやすいです。FP2級学科では不動産分野の計算・制度理解とセットで確認してください。",,,,"3,000万円特別控除は不動産分野でFP2級学科に出題されやすい;四択では定義の言い換え・数値・例外の区別が問われやすい",,,,,,,,,,,,,,,,,,,draft
軽減税率の特例（居住用財産）,不動産,FP2級;用語,所有期間10年超のマイホームを売却した場合に適用される譲渡所得の軽減税率。,所有期間10年超のマイホームを売却した場合に適用される譲渡所得の軽減税率。,,,A,軽減税率の特例（居住用財産）が出る問題では、定義の言い換え・数値や期限の条件・似た用語との違いが問われやすいです。FP2級学科では不動産分野の計算・制度理解とセットで確認してください。,,,,軽減税率の特例（居住用財産）は不動産分野でFP2級学科に出題されやすい;四択では定義の言い換え・数値・例外の区別が問われやすい,,,,,,,,,,,,,,,,,,,draft
相続,相続・事業承継,FP2級;用語,人が死亡した際に、その財産・権利・義務を一定の親族が引き継ぐこと。,人が死亡した際に財産（プラス・マイナス）が一定の親族等に引き継がれること。,,,A,相続が出る問題では、定義の言い換え・数値や期限の条件・似た用語との違いが問われやすいです。FP2級学科では相続・事業承継分野の計算・制度理解とセットで確認してください。,,,,相続は相続・事業承継分野でFP2級学科に出題されやすい;四択では定義の言い換え・数値・例外の区別が問われやすい,,,,,,,,,,,,,,,,,,,draft
被相続人,相続・事業承継,FP2級;用語,亡くなった人（財産を残した人）。,亡くなった人（財産を残した人）。,,,A,被相続人が出る問題では、定義の言い換え・数値や期限の条件・似た用語との違いが問われやすいです。FP2級学科では相続・事業承継分野の計算・制度理解とセットで確認してください。,,,,被相続人は相続・事業承継分野でFP2級学科に出題されやすい;四択では定義の言い換え・数値・例外の区別が問われやすい,,,,,,,,,,,,,,,,,,,draft
相続人,相続・事業承継,FP2級;用語,財産を引き継ぐ人。民法で定められた法定相続人と、遺言で指定された受遺者がいる。,財産を引き継ぐ人。民法で定められた法定相続人と、遺言で指定された受遺者がいる。,,,A,相続人が出る問題では、定義の言い換え・数値や期限の条件・似た用語との違いが問われやすいです。FP2級学科では相続・事業承継分野の計算・制度理解とセットで確認してください。,,,,相続人は相続・事業承継分野でFP2級学科に出題されやすい;四択では定義の言い換え・数値・例外の区別が問われやすい,,,,,,,,,,,,,,,,,,,draft
法定相続人,相続・事業承継,FP2級;用語,民法が定める相続権を持つ親族。配偶者・子・直系尊属・兄弟姉妹の順位がある。,民法が定める相続人（配偶者は常に相続人、子→直系尊属→兄弟姉妹の順に第1〜3順位）。,,,A,法定相続人が出る問題では、定義の言い換え・数値や期限の条件・似た用語との違いが問われやすいです。FP2級学科では相続・事業承継分野の計算・制度理解とセットで確認してください。,,,,法定相続人は相続・事業承継分野でFP2級学科に出題されやすい;四択では定義の言い換え・数値・例外の区別が問われやすい,,,,,,,,,,,,,,,,,,,draft
法定相続分,相続・事業承継,FP2級;用語,民法が定める各相続人の相続割合。,民法が定める各相続人の相続割合（例：配偶者と子1人の場合は各1/2）。,,,A,法定相続分が出る問題では、定義の言い換え・数値や期限の条件・似た用語との違いが問われやすいです。FP2級学科では相続・事業承継分野の計算・制度理解とセットで確認してください。,,,,法定相続分は相続・事業承継分野でFP2級学科に出題されやすい;四択では定義の言い換え・数値・例外の区別が問われやすい,,,,,,,,,,,,,,,,,,,draft
代襲相続,相続・事業承継,FP2級;用語,相続人が被相続人より先に死亡していた場合に、その子（孫など）が代わりに相続すること。,相続人となるべき子・兄弟姉妹が相続開始前に死亡等している場合に、その子が代わって相続すること。,,,B,代襲相続が出る問題では、定義の言い換え・数値や期限の条件・似た用語との違いが問われやすいです。FP2級学科では相続・事業承継分野の計算・制度理解とセットで確認してください。,,,,代襲相続は相続・事業承継分野でFP2級学科に出題されやすい;四択では定義の言い換え・数値・例外の区別が問われやすい,,,,,,,,,,,,,,,,,,,draft
相続放棄,相続・事業承継,FP2級;用語,相続人が相続する権利をすべて放棄すること。家庭裁判所に3か月以内に申述する。,相続人が相続する権利をすべて放棄すること。家庭裁判所に3か月以内に申述する。,,,A,相続放棄が出る問題では、定義の言い換え・数値や期限の条件・似た用語との違いが問われやすいです。FP2級学科では相続・事業承継分野の計算・制度理解とセットで確認してください。,,,,相続放棄は相続・事業承継分野でFP2級学科に出題されやすい;四択では定義の言い換え・数値・例外の区別が問われやすい,,,,,,,,,,,,,,,,,,,draft
限定承認,相続・事業承継,FP2級;用語,プラスの財産の範囲内でのみ負債を引き受ける相続の方法。相続人全員で申述する必要がある。,プラスの財産の範囲内でのみ負債を引き受ける相続の方法。相続人全員で申述する必要がある。,,,B,限定承認が出る問題では、定義の言い換え・数値や期限の条件・似た用語との違いが問われやすいです。FP2級学科では相続・事業承継分野の計算・制度理解とセットで確認してください。,,,,限定承認は相続・事業承継分野でFP2級学科に出題されやすい;四択では定義の言い換え・数値・例外の区別が問われやすい,,,,,,,,,,,,,,,,,,,draft
遺言,相続・事業承継,FP2級;用語,被相続人が生前に自分の財産の処分等について意思表示しておく法律行為。,被相続人が生前に財産の処分等について意思表示した書面（15歳以上が作成可能）。,,,A,遺言が出る問題では、定義の言い換え・数値や期限の条件・似た用語との違いが問われやすいです。FP2級学科では相続・事業承継分野の計算・制度理解とセットで確認してください。,,,,遺言は相続・事業承継分野でFP2級学科に出題されやすい;四択では定義の言い換え・数値・例外の区別が問われやすい,,,,,,,,,,,,,,,,,,,draft
自筆証書遺言,相続・事業承継,FP2級;用語,全文・日付・氏名を自書し押印した遺言書。財産目録はパソコン作成も可。,遺言者が全文・日付・氏名を自書し捺印する遺言（法務局での保管制度あり）。,,,A,自筆証書遺言が出る問題では、定義の言い換え・数値や期限の条件・似た用語との違いが問われやすいです。FP2級学科では相続・事業承継分野の計算・制度理解とセットで確認してください。,,,,自筆証書遺言は相続・事業承継分野でFP2級学科に出題されやすい;四択では定義の言い換え・数値・例外の区別が問われやすい,,,,,,,,,,,,,,,,,,,draft
公正証書遺言,相続・事業承継,FP2級;用語,公証人が作成する遺言書。証人2名以上が必要。改ざんのリスクが低く最も確実。,公証人が作成する遺言書。証人2名以上が必要。改ざんのリスクが低く最も確実。,,,A,公正証書遺言が出る問題では、定義の言い換え・数値や期限の条件・似た用語との違いが問われやすいです。FP2級学科では相続・事業承継分野の計算・制度理解とセットで確認してください。,,,,公正証書遺言は相続・事業承継分野でFP2級学科に出題されやすい;四択では定義の言い換え・数値・例外の区別が問われやすい,,,,,,,,,,,,,,,,,,,draft
遺留分,相続・事業承継,FP2級;用語,一定の相続人（配偶者・子・直系尊属）に保障された最低限の相続分。,一定の相続人（配偶者・子・直系尊属）に民法が保障する最低限の相続割合。,,,A,遺留分が出る問題では、定義の言い換え・数値や期限の条件・似た用語との違いが問われやすいです。FP2級学科では相続・事業承継分野の計算・制度理解とセットで確認してください。,,,,遺留分は相続・事業承継分野でFP2級学科に出題されやすい;四択では定義の言い換え・数値・例外の区別が問われやすい,,,,,,,,,,,,,,,,,,,draft
相続財産,相続・事業承継,FP2級;用語,相続の対象となるプラスの財産（預金・不動産等）とマイナスの財産（借金等）の総体。,相続の対象となるプラスの財産（預金・不動産等）とマイナスの財産（借金等）の総体。,,,A,相続財産が出る問題では、定義の言い換え・数値や期限の条件・似た用語との違いが問われやすいです。FP2級学科では相続・事業承継分野の計算・制度理解とセットで確認してください。,,,,相続財産は相続・事業承継分野でFP2級学科に出題されやすい;四択では定義の言い換え・数値・例外の区別が問われやすい,,,,,,,,,,,,,,,,,,,draft
生命保険金の非課税枠,相続・事業承継,FP2級;用語,相続人が受け取った生命保険金のうち「500万円×法定相続人の数」が相続税の課税対象外となる。,相続人が受け取った生命保険金のうち「500万円×法定相続人の数」が相続税の課税対象外となる。,,,B,生命保険金の非課税枠が出る問題では、定義の言い換え・数値や期限の条件・似た用語との違いが問われやすいです。FP2級学科では相続・事業承継分野の計算・制度理解とセットで確認してください。,,,,生命保険金の非課税枠は相続・事業承継分野でFP2級学科に出題されやすい;四択では定義の言い換え・数値・例外の区別が問われやすい,,,,,,,,,,,,,,,,,,,draft
退職手当金の非課税枠,相続・事業承継,FP2級;用語,相続人が受け取った死亡退職金のうち「500万円×法定相続人の数」が相続税の課税対象外となる。,相続人が受け取った死亡退職金のうち「500万円×法定相続人の数」が相続税の課税対象外となる。,,,B,退職手当金の非課税枠が出る問題では、定義の言い換え・数値や期限の条件・似た用語との違いが問われやすいです。FP2級学科では相続・事業承継分野の計算・制度理解とセットで確認してください。,,,,退職手当金の非課税枠は相続・事業承継分野でFP2級学科に出題されやすい;四択では定義の言い換え・数値・例外の区別が問われやすい,,,,,,,,,,,,,,,,,,,draft
相続税の基礎控除,相続・事業承継,FP2級;用語,相続税の課税遺産総額から差し引ける控除。「3000万円＋600万円×法定相続人の数」が基本控除額となる。,相続税の課税遺産総額から差し引ける控除。「3000万円＋600万円×法定相続人の数」が基本控除額となる。,,,B,相続税の基礎控除が出る問題では、定義の言い換え・数値や期限の条件・似た用語との違いが問われやすいです。FP2級学科では相続・事業承継分野の計算・制度理解とセットで確認してください。,,,,相続税の基礎控除は相続・事業承継分野でFP2級学科に出題されやすい;四択では定義の言い換え・数値・例外の区別が問われやすい,,,,,,,,,,,,,,,,,,,draft
相続税の計算,相続・事業承継,FP2級;用語,課税遺産総額を法定相続分で按分し、各相続税率を掛けた後に合算し、実際の取得割合で按分して各人の税額を求める。,課税遺産総額を法定相続分で按分し、各相続税率を掛けた後に合算し、実際の取得割合で按分して各人の税額を求める。,,,B,相続税の計算が出る問題では、定義の言い換え・数値や期限の条件・似た用語との違いが問われやすいです。FP2級学科では相続・事業承継分野の計算・制度理解とセットで確認してください。,,,,相続税の計算は相続・事業承継分野でFP2級学科に出題されやすい;四択では定義の言い換え・数値・例外の区別が問われやすい,,,,,,,,,,,,,,,,,,,draft
小規模宅地等の特例,相続・事業承継,FP2級;用語,被相続人の居住・事業用の宅地について、一定要件を満たす相続人が取得した場合に評価額を最大80%減額できる特例。,被相続人の居住・事業用の宅地について、一定要件を満たす相続人が取得した場合に評価額を最大80%減額できる特例。,,,A,小規模宅地等の特例が出る問題では、定義の言い換え・数値や期限の条件・似た用語との違いが問われやすいです。FP2級学科では相続・事業承継分野の計算・制度理解とセットで確認してください。,,,,小規模宅地等の特例は相続・事業承継分野でFP2級学科に出題されやすい;四択では定義の言い換え・数値・例外の区別が問われやすい,,,,,,,,,,,,,,,,,,,draft
贈与,相続・事業承継,FP2級;用語,生前に財産を無償で他者に渡す法律行為。書面・口頭を問わず双方の意思表示で成立する。,生前に財産を無償で他者に渡す法律行為。書面・口頭を問わず双方の意思表示で成立する。,,,A,贈与が出る問題では、定義の言い換え・数値や期限の条件・似た用語との違いが問われやすいです。FP2級学科では相続・事業承継分野の計算・制度理解とセットで確認してください。,,,,贈与は相続・事業承継分野でFP2級学科に出題されやすい;四択では定義の言い換え・数値・例外の区別が問われやすい,,,,,,,,,,,,,,,,,,,draft
贈与税の基礎控除,相続・事業承継,FP2級;用語,贈与税の計算で1年間に受け取った贈与から差し引ける110万円の控除。,贈与税の計算で1年間に受け取った贈与から差し引ける110万円の控除。,,,B,贈与税の基礎控除が出る問題では、定義の言い換え・数値や期限の条件・似た用語との違いが問われやすいです。FP2級学科では相続・事業承継分野の計算・制度理解とセットで確認してください。,,,,贈与税の基礎控除は相続・事業承継分野でFP2級学科に出題されやすい;四択では定義の言い換え・数値・例外の区別が問われやすい,,,,,,,,,,,,,,,,,,,draft
相続時精算課税制度,相続・事業承継,FP2級;用語,60歳以上の親・祖父母から18歳以上の子・孫への贈与に適用できる制度。2500万円まで非課税、超過分は20%の税率で精算課税される。,60歳以上の親・祖父母から18歳以上の子・孫への贈与に適用できる制度。2500万円まで非課税、超過分は20%の税率で精算課税される。,,,A,相続時精算課税制度が出る問題では、定義の言い換え・数値や期限の条件・似た用語との違いが問われやすいです。FP2級学科では相続・事業承継分野の計算・制度理解とセットで確認してください。,,,,相続時精算課税制度は相続・事業承継分野でFP2級学科に出題されやすい;四択では定義の言い換え・数値・例外の区別が問われやすい,,,,,,,,,,,,,,,,,,,draft
教育資金の一括贈与の非課税特例,相続・事業承継,FP2級;用語,祖父母等から30歳未満の孫等への教育資金の一括贈与について1500万円まで非課税とする特例。,祖父母等から30歳未満の孫等への教育資金の一括贈与について1500万円まで非課税とする特例。,,,B,教育資金の一括贈与の非課税特例が出る問題では、定義の言い換え・数値や期限の条件・似た用語との違いが問われやすいです。FP2級学科では相続・事業承継分野の計算・制度理解とセットで確認してください。,,,,教育資金の一括贈与の非課税特例は相続・事業承継分野でFP2級学科に出題されやすい;四択では定義の言い換え・数値・例外の区別が問われやすい,,,,,,,,,,,,,,,,,,,draft
結婚・子育て資金の一括贈与の非課税特例,相続・事業承継,FP2級;用語,祖父母等から18歳以上50歳未満の子・孫への結婚・子育て資金の贈与について1000万円まで非課税とする特例。,祖父母等から18歳以上50歳未満の子・孫への結婚・子育て資金の贈与について1000万円まで非課税とする特例。,,,B,結婚・子育て資金の一括贈与の非課税特例が出る問題では、定義の言い換え・数値や期限の条件・似た用語との違いが問われやすいです。FP2級学科では相続・事業承継分野の計算・制度理解とセットで確認してください。,,,,結婚・子育て資金の一括贈与の非課税特例は相続・事業承継分野でFP2級学科に出題されやすい;四択では定義の言い換え・数値・例外の区別が問われやすい,,,,,,,,,,,,,,,,,,,draft
配偶者への居住用不動産の贈与,相続・事業承継,FP2級;用語,婚姻期間20年以上の配偶者に居住用不動産または購入資金を贈与する場合、2000万円までの控除などの特例がある。,婚姻期間20年以上の配偶者に居住用不動産または購入資金を贈与する場合、2000万円までの控除などの特例がある。,,,B,配偶者への居住用不動産の贈与が出る問題では、定義の言い換え・数値や期限の条件・似た用語との違いが問われやすいです。FP2級学科では相続・事業承継分野の計算・制度理解とセットで確認してください。,,,,配偶者への居住用不動産の贈与は相続・事業承継分野でFP2級学科に出題されやすい;四択では定義の言い換え・数値・例外の区別が問われやすい,,,,,,,,,,,,,,,,,,,draft
事業承継,相続・事業承継,FP2級;用語,経営者が後継者に会社・事業を引き継ぐこと。株式・財産・経営権の移転を含む。,経営者が後継者に会社・事業を引き継ぐこと。株式・財産・経営権の移転を含む。,,,B,事業承継が出る問題では、定義の言い換え・数値や期限の条件・似た用語との違いが問われやすいです。FP2級学科では相続・事業承継分野の計算・制度理解とセットで確認してください。,,,,事業承継は相続・事業承継分野でFP2級学科に出題されやすい;四択では定義の言い換え・数値・例外の区別が問われやすい,,,,,,,,,,,,,,,,,,,draft
課税標準,タックスプランニング,FP2級;用語,所得税・住民税などで税率を乗じる対象となる所得額・評価額。,所得税・住民税などで税率を乗じる対象となる所得額・評価額。,,,A,課税標準が出る問題では、定義の言い換え・数値や期限の条件・似た用語との違いが問われやすいです。FP2級学科ではタックスプランニング分野の計算・制度理解とセットで確認してください。,,,,課税標準はタックスプランニング分野でFP2級学科に出題されやすい;四択では定義の言い換え・数値・例外の区別が問われやすい,,,,,,,,,,,,,,,,,,,draft
準防火地域,不動産,FP2級;用語,都市計画法上の防火・準防火地域の一種。建蔽率・容積率の緩和要件とセットで問われる。,都市計画法上の防火・準防火地域の一種。建蔽率・容積率の緩和要件とセットで問われる。,,,B,準防火地域が出る問題では、定義の言い換え・数値や期限の条件・似た用語との違いが問われやすいです。FP2級学科では不動産分野の計算・制度理解とセットで確認してください。,,,,準防火地域は不動産分野でFP2級学科に出題されやすい;四択では定義の言い換え・数値・例外の区別が問われやすい,,,,,,,,,,,,,,,,,,,draft
耐火建築物,不動産,FP2級;用語,建築基準法上の耐火性能を有する建築物。防火・準防火地域内の建蔽率制限と関連。,建築基準法上の耐火性能を有する建築物。防火・準防火地域内の建蔽率制限と関連。,,,A,耐火建築物が出る問題では、定義の言い換え・数値や期限の条件・似た用語との違いが問われやすいです。FP2級学科では不動産分野の計算・制度理解とセットで確認してください。,,,,耐火建築物は不動産分野でFP2級学科に出題されやすい;四択では定義の言い換え・数値・例外の区別が問われやすい,,,,,,,,,,,,,,,,,,,draft
公的年金の裁定請求,ライフプランニングと資金計画,FP2級;用語,老齢・障害・遺族年金等の支給開始手続。FPの関連法規問題で論点になる。,老齢・障害・遺族年金等の支給開始手続。FPの関連法規問題で論点になる。,,,B,公的年金の裁定請求が出る問題では、定義の言い換え・数値や期限の条件・似た用語との違いが問われやすいです。FP2級学科ではライフプランニングと資金計画分野の計算・制度理解とセットで確認してください。,,,,公的年金の裁定請求はライフプランニングと資金計画分野でFP2級学科に出題されやすい;四択では定義の言い換え・数値・例外の区別が問われやすい,,,,,,,,,,,,,,,,,,,draft
