term,category,tags,short_def,definition,related_terms,legal_basis,importance,explanation,article_title,article_lead,term_detail_body,exam_points,common_mistakes,memory_tip,example_question,example_answer,faq_1_question,faq_1_answer,faq_2_question,faq_2_answer,faq_3_question,faq_3_answer,faq_4_question,faq_4_answer,diagram_id,slug,author_name,reviewer_name,fact_checked_at,primary_sources,content_status
【図解デモ】建ぺい率と容積率,ライフプランニングと資金計画,都市計画;建築基準;図解サンプル,建ぺい率は1階の広がり、容積率は全階の床面積合計を敷地面積で割った割合。,建ぺい率は建築面積を敷地面積で割った割合（％）で、土地の上に建物がどれだけ広がっているかを示す。容積率は延床面積を敷地面積で割った割合（％）で、建物全体の床面積の大きさを示す。,公式情報;試験要項;比較表,都市計画法;建築基準法,A,建ぺい率は「真上から見た1階の広がり」、容積率は「全階の床面積の合計」と覚えると整理しやすい。敷地面積200㎡・建築面積100㎡・延床面積240㎡なら、建ぺい率50％・容積率120％になる典型例がよく出ます。分子（建築面積か延床面積か）の取り違えが定番の引っかけです。,【図解デモ】建ぺい率と容積率｜diagram_id 差し込みの動作確認,このページは glossary_terms.csv の diagram_id 列から図解を読み込むパイプラインのデモです。図解 JSON は data/term_diagrams/kenpei-yoseki.json を参照しています。,"建ぺい率と容積率は、どちらも敷地面積を分母にする割合ですが、分子が異なります。建ぺい率は建築面積（原則1階の建築面積）を使い、土地の上に建物がどれだけ広がっているかを表します。容積率は延床面積（各階の床面積の合計）を使い、建物全体の規模を表します。

下の「図解で理解する」セクションは diagram_id=kenpei-yoseki により自動挿入されます。執筆時は用語本文と図解の内容が重複しないよう、本文は概念の説明、図解は比較と数値例に役割分担するとよいです。",建ぺい率=建築面積÷敷地面積;容積率=延床面積÷敷地面積;分子の取り違えに注意,建ぺい率に延床面積を使う。容積率に建築面積を使う。全階合計と1階のみの見方を逆にする。,建ぺい=真上から1階、容積=全階の床を足す。数値例は200・100・240で練習。,敷地面積200㎡、建築面積100㎡、延床面積240㎡のとき、建ぺい率と容積率は？,建ぺい率50％（100÷200）、容積率120％（240÷200）。,建ぺい率と容積率の違いは？,建ぺい率は建築面積を敷地面積で割った割合で、1階の広がりを表します。容積率は延床面積を敷地面積で割った割合で、全階の床面積合計を表します。どちらも％表示ですが、見る対象が異なります。試験では数値例とセットで問われます。,diagram_id 列の使い方は？,glossary_terms.csv に diagram_id 列を追加し、data/term_diagrams/ 内の JSON ファイル名（拡張子なし）を指定します。例: kenpei-yoseki。ビルド時に「定義と基本理解」の直後へ図解ブロックが挿入されます。図解が不要な用語は空欄のままで問題ありません。,compare_dual 型とは？,"2項目を左右に並べ、図解・計算式・例・メモを載せるテンプレートです。left/right に label, catch, formula, example, memo, visual（land または floors）を書きます。試験の覚え方と一問一答も JSON で指定できます。",このデモページの見方は？,用語記事として通常ビルドされたページです（noindex ではありません）。図解単体は terms/diagram-samples/kenpei-yoseki.html、執筆見本は terms/g-diagram-sample.html も参照してください。,kenpei-yoseki,g-diagram-demo,FP3級マスター編集部,FP3級マスター編集部,2026-06-10,https://www.jafp.or.jp/,published
一問一答,リスク管理,演習,短い問題で知識を確認する学習形式。,用語や数字や基本知識を短時間で確認するための演習形式。スキマ時間の復習に向いている。試験対策では公式情報と照合します。,復習;過去問,,B,一問一答が出る問題では、定義の言い換え・数値や期限の条件・似た用語との違いが選択肢で問われやすいです。演習の解説で、正解と誤答の根拠を比較して確認してください。,一問一答とは？短時間で知識を確認する学習形式,一問一答は短い問題で知識を確認する方法です。試験対策では定義だけでなく、過去問や関連用語とセットで確認すると理解が定着しやすくなります。,"一問一答は短時間で多くの項目を確認できます。正誤だけで終わらせず間違えた用語を本文や解説に戻って確認します。用語や数字や基本知識を短時間で確認するための演習形式。スキマ時間の復習に向いている。

公式情報と演習解説で最新条件を確認してください。公式情報と演習解説で最新条件を確認してください。公式情報と演習解説で最新条件を確認してください。公式情報と演習解説で最新条件を確認してください。",短時間で解いて知識の抜けを見つける;間違えた用語を見る;直前期に繰り返して定着を確認する,一問一答だけでは長い問題文への対応が不足することがあります。公式情報と照合して確認してください。,過去問と組み合わせると効果的です。関連語とセットで覚えます。,一問一答だけで十分である。,×。過去問や解説と組み合わせます。,一問一答とは何ですか？,一問一答は、ファイナンシャル・プランナー試験（FP3級）の学習や受験判断で押さえる概念です。短い定義だけでなく、試験では選択肢の言い換えや似た用語との違いとして問われることがあります。個別ページの「定義と基本理解」で意味と位置づけを確認してください。,一問一答でよくある誤解は？,「一問一答」を別の語句と同じ意味だと思い込む、または一般常識で答えてしまう誤りが多いです。本文の「よくある誤解」で、過去問の誤答パターンとセットで確認すると改善しやすくなります。混同する語は関連用語リンクから比較してください。,一問一答は試験でどう問われますか？,定義の言い換え、数値・期限・主体の条件、例外の有無などが四択で問われやすいです。「選択肢で問われやすい点」と例題を読み、なぜ誤答になるかまで言語化してから次の問題へ進んでください。実践・一問一答に term タグがあれば該当問も確認します。,一問一答を学んだあとに何を確認しますか？,関連用語を2件以上読み、過去問または実践演習で理解を確認します。制度・数値が絡む場合は試験要項などの公式情報で最新の条件を必ず照合してください。間違えた問題は復習リストに残して解き直します。 間違えた問題は復習リストに残して解き直します。,,,FP3級マスター編集部,FP3級マスター編集部,2026-06-10,https://www.jafp.or.jp/,published
公式情報,ライフプランニングと資金計画,基本,試験実施団体などが公表する一次情報。,試験日程・申込方法・出題範囲・合格発表など、学習や受験判断の根拠にする情報。非公式サイトの情報と異なる場合は公式情報を優先する。,試験要項;受験資格;出題範囲,,A,公式情報が出る問題では、定義の言い換え・数値や期限の条件・似た用語との違いが選択肢で問われやすいです。演習の解説で、正解と誤答の根拠を比較して確認してください。,公式情報とは？試験対策で必ず確認すべき一次情報,公式情報は、受験判断と学習計画の前提になる一次情報です。試験対策では定義だけでなく、過去問や関連用語とセットで確認すると理解が定着しやすくなります。,"公式サイト、受験案内、試験要項、合格発表ページなど、試験実施団体が直接公表する情報を指します。日程や申込方法だけでなく、出題範囲や制度変更も公式情報で確認します。試験日程・申込方法・出題範囲・合格発表など、学習や受験判断の根拠にする情報。

非公式サイトの情報と異なる場合は公式情報を優先する。公式情報と演習解説で最新条件を確認してください。公式情報と演習解説で最新条件を確認してください。",非公式情報より公式情報を優先する;年度ごとの変更点を確認する;出題範囲と申込期限をセットで見る,古い年度の情報をそのまま使うと、日程や手続きの変更を見落とすことがあります。公式情報と照合して確認してください。,学習を始める前・申込前・直前期の3回確認すると覚えやすくなります。,試験日程や出題範囲は非公式サイトで確認すれば十分である。,×。必ず試験実施団体などの公式情報を確認します。,公式情報とは何ですか？,公式情報は、ファイナンシャル・プランナー試験（FP3級）の学習や受験判断で押さえる概念です。短い定義だけでなく、試験では選択肢の言い換えや似た用語との違いとして問われることがあります。個別ページの「定義と基本理解」で意味と位置づけを確認してください。,公式情報でよくある誤解は？,「公式情報」を別の語句と同じ意味だと思い込む、または一般常識で答えてしまう誤りが多いです。本文の「よくある誤解」で、過去問の誤答パターンとセットで確認すると改善しやすくなります。混同する語は関連用語リンクから比較してください。,公式情報は試験でどう問われますか？,定義の言い換え、数値・期限・主体の条件、例外の有無などが四択で問われやすいです。「選択肢で問われやすい点」と例題を読み、なぜ誤答になるかまで言語化してから次の問題へ進んでください。実践・一問一答に term タグがあれば該当問も確認します。,公式情報を学んだあとに何を確認しますか？,関連用語を2件以上読み、過去問または実践演習で理解を確認します。制度・数値が絡む場合は試験要項などの公式情報で最新の条件を必ず照合してください。間違えた問題は復習リストに残して解き直します。 間違えた問題は復習リストに残して解き直します。,,,FP3級マスター編集部,FP3級マスター編集部,2026-06-10,https://www.jafp.or.jp/,published
出題範囲,リスク管理,学習計画,試験で問われる分野やテーマの範囲。,学習対象になる分野や項目を示す情報。範囲を確認すると教材や過去問の優先順位を決めやすくなる。試験対策では公式情報と照合します。,過去問;合格基準;試験要項,,A,出題範囲が出る問題では、定義の言い換え・数値や期限の条件・似た用語との違いが選択肢で問われやすいです。演習の解説で、正解と誤答の根拠を比較して確認してください。,出題範囲とは？学習計画の土台になる情報,出題範囲は何を学ぶかを決める前提です。試験対策では定義だけでなく、過去問や関連用語とセットで確認すると理解が定着しやすくなります。,"出題範囲を分野ごとに整理すると学習の抜け漏れを減らせます。過去問を解いた後もどの範囲で間違えたかを記録すると復習に役立ちます。学習対象になる分野や項目を示す情報。

範囲を確認すると教材や過去問の優先順位を決めやすくなる。公式情報と演習解説で最新条件を確認してください。公式情報と演習解説で最新条件を確認してください。公式情報と演習解説で最新条件を確認してください。",分野ごとに分ける;苦手分野を記録する;過去問と照合する,教材の目次だけで範囲を判断すると公式範囲とずれることがあります。公式情報と照合して確認してください。,公式範囲を大分類にしてメモすると管理しやすくなります。,出題範囲は教材の目次だけ見れば十分である。,×。公式情報の範囲も確認します。,出題範囲とは何ですか？,出題範囲は、ファイナンシャル・プランナー試験（FP3級）の学習や受験判断で押さえる概念です。短い定義だけでなく、試験では選択肢の言い換えや似た用語との違いとして問われることがあります。個別ページの「定義と基本理解」で意味と位置づけを確認してください。,出題範囲でよくある誤解は？,「出題範囲」を別の語句と同じ意味だと思い込む、または一般常識で答えてしまう誤りが多いです。本文の「よくある誤解」で、過去問の誤答パターンとセットで確認すると改善しやすくなります。混同する語は関連用語リンクから比較してください。,出題範囲は試験でどう問われますか？,定義の言い換え、数値・期限・主体の条件、例外の有無などが四択で問われやすいです。「選択肢で問われやすい点」と例題を読み、なぜ誤答になるかまで言語化してから次の問題へ進んでください。実践・一問一答に term タグがあれば該当問も確認します。,出題範囲を学んだあとに何を確認しますか？,関連用語を2件以上読み、過去問または実践演習で理解を確認します。制度・数値が絡む場合は試験要項などの公式情報で最新の条件を必ず照合してください。間違えた問題は復習リストに残して解き直します。 間違えた問題は復習リストに残して解き直します。,,,FP3級マスター編集部,FP3級マスター編集部,2026-06-10,https://www.jafp.or.jp/,published
受験資格,ライフプランニングと資金計画,制度,試験を受けるために必要な条件。,年齢や実務経験や学歴など試験ごとに定められる受験条件。資格によっては誰でも受験できる場合もある。試験対策では公式情報と照合します。,試験要項;公式情報;合格基準,,A,受験資格が出る問題では、定義の言い換え・数値や期限の条件・似た用語との違いが選択肢で問われやすいです。演習の解説で、正解と誤答の根拠を比較して確認してください。,受験資格とは？申込前に確認する条件,受験資格は試験を受けられるかを判断する条件です。試験対策では定義だけでなく、過去問や関連用語とセットで確認すると理解が定着しやすくなります。,"資格試験では受験資格が定められている場合があります。申込後に条件不足が分かると手続きに支障が出るため早めに確認します。年齢や実務経験や学歴など試験ごとに定められる受験条件。

資格によっては誰でも受験できる場合もある。公式情報と演習解説で最新条件を確認してください。公式情報と演習解説で最新条件を確認してください。公式情報と演習解説で最新条件を確認してください。",公式情報で確認する;必要な証明書類を公式要項で確認する;申込前に再確認する,口コミだけで判断すると条件の例外を見落とすことがあります。公式情報と照合して確認してください。,申込前チェックリストに入れると忘れにくくなります。,受験資格はどの資格でも同じである。,×。資格ごとに条件は異なります。,受験資格とは何ですか？,受験資格は、ファイナンシャル・プランナー試験（FP3級）の学習や受験判断で押さえる概念です。短い定義だけでなく、試験では選択肢の言い換えや似た用語との違いとして問われることがあります。個別ページの「定義と基本理解」で意味と位置づけを確認してください。,受験資格でよくある誤解は？,「受験資格」を別の語句と同じ意味だと思い込む、または一般常識で答えてしまう誤りが多いです。本文の「よくある誤解」で、過去問の誤答パターンとセットで確認すると改善しやすくなります。混同する語は関連用語リンクから比較してください。,受験資格は試験でどう問われますか？,定義の言い換え、数値・期限・主体の条件、例外の有無などが四択で問われやすいです。「選択肢で問われやすい点」と例題を読み、なぜ誤答になるかまで言語化してから次の問題へ進んでください。実践・一問一答に term タグがあれば該当問も確認します。,受験資格を学んだあとに何を確認しますか？,関連用語を2件以上読み、過去問または実践演習で理解を確認します。制度・数値が絡む場合は試験要項などの公式情報で最新の条件を必ず照合してください。間違えた問題は復習リストに残して解き直します。 間違えた問題は復習リストに残して解き直します。,,,FP3級マスター編集部,FP3級マスター編集部,2026-06-10,https://www.jafp.or.jp/,published
合格基準,ライフプランニングと資金計画,得点,合格に必要な点数や条件。,総得点や科目別基準点など合否判定に使われる基準。試験によっては年度や回によって扱いが異なる場合がある。,出題範囲;試験要項;過去問,,A,合格基準が出る問題では、定義の言い換え・数値や期限の条件・似た用語との違いが選択肢で問われやすいです。演習の解説で、正解と誤答の根拠を比較して確認してください。,合格基準とは？得点目標を決める基準,合格基準は試験対策の目標設定に使う情報です。試験対策では定義だけでなく、過去問や関連用語とセットで確認すると理解が定着しやすくなります。,"合格基準を確認すると全体で何点を目指すかや科目ごとの最低ラインを考えやすくなります。過去問演習では合格基準を目安に復習量を調整します。総得点や科目別基準点など合否判定に使われる基準。

試験によっては年度や回によって扱いが異なる場合がある。公式情報と演習解説で最新条件を確認してください。公式情報と演習解説で最新条件を確認してください。公式情報と演習解説で最新条件を確認してください。",総得点と科目別基準を確認する;科目別基準を確認する;過去問の目標点にする,総得点だけ見て科目別基準を見落とすと危険です。公式情報と照合して確認してください。,目標点を少し高めに置くと安定しやすくなります。関連語とセットで覚えます。,合格基準は目安なので確認しなくてよい。,×。学習計画を立てるために確認します。,合格基準とは何ですか？,合格基準は、ファイナンシャル・プランナー試験（FP3級）の学習や受験判断で押さえる概念です。短い定義だけでなく、試験では選択肢の言い換えや似た用語との違いとして問われることがあります。個別ページの「定義と基本理解」で意味と位置づけを確認してください。,合格基準でよくある誤解は？,「合格基準」を別の語句と同じ意味だと思い込む、または一般常識で答えてしまう誤りが多いです。本文の「よくある誤解」で、過去問の誤答パターンとセットで確認すると改善しやすくなります。混同する語は関連用語リンクから比較してください。,合格基準は試験でどう問われますか？,定義の言い換え、数値・期限・主体の条件、例外の有無などが四択で問われやすいです。「選択肢で問われやすい点」と例題を読み、なぜ誤答になるかまで言語化してから次の問題へ進んでください。実践・一問一答に term タグがあれば該当問も確認します。,合格基準を学んだあとに何を確認しますか？,関連用語を2件以上読み、過去問または実践演習で理解を確認します。制度・数値が絡む場合は試験要項などの公式情報で最新の条件を必ず照合してください。間違えた問題は復習リストに残して解き直します。 間違えた問題は復習リストに残して解き直します。,,,FP3級マスター編集部,FP3級マスター編集部,2026-06-10,https://www.jafp.or.jp/,published
学習記録,金融資産運用,学習法,学習した内容や結果を残す記録。,解いた問題や間違えた分野や復習予定を残すためのメモ。継続状況や弱点を見える化できる。試験対策では公式情報と照合します。,復習;出題範囲,,B,学習記録が出る問題では、定義の言い換え・数値や期限の条件・似た用語との違いが選択肢で問われやすいです。演習の解説で、正解と誤答の根拠を比較して確認してください。,学習記録とは？復習につなげる短いメモ,学習記録は学習の続きを再開しやすくするメモです。試験対策では定義だけでなく、過去問や関連用語とセットで確認すると理解が定着しやすくなります。,"学習記録には日付や解いた範囲や間違えた理由を残します。短くても次回の復習対象が分かれば十分です。解いた問題や間違えた分野や復習予定を残すためのメモ。継続状況や弱点を見える化できる。

公式情報と演習解説で最新条件を確認してください。公式情報と演習解説で最新条件を確認してください。公式情報と演習解説で最新条件を確認してください。公式情報と演習解説で最新条件を確認してください。",学習日付と範囲を記録しておく;間違えた分野を書く;次に見る用語を書く,記録を細かくしすぎると続かないことがあります。公式情報と照合して確認してください。,次回の自分が分かる程度に短く書くと続けやすいです。,学習記録は詳しく書かないと意味がない。,×。短くても復習に使えれば十分です。,学習記録とは何ですか？,学習記録は、ファイナンシャル・プランナー試験（FP3級）の学習や受験判断で押さえる概念です。短い定義だけでなく、試験では選択肢の言い換えや似た用語との違いとして問われることがあります。個別ページの「定義と基本理解」で意味と位置づけを確認してください。,学習記録でよくある誤解は？,「学習記録」を別の語句と同じ意味だと思い込む、または一般常識で答えてしまう誤りが多いです。本文の「よくある誤解」で、過去問の誤答パターンとセットで確認すると改善しやすくなります。混同する語は関連用語リンクから比較してください。,学習記録は試験でどう問われますか？,定義の言い換え、数値・期限・主体の条件、例外の有無などが四択で問われやすいです。「選択肢で問われやすい点」と例題を読み、なぜ誤答になるかまで言語化してから次の問題へ進んでください。実践・一問一答に term タグがあれば該当問も確認します。,学習記録を学んだあとに何を確認しますか？,関連用語を2件以上読み、過去問または実践演習で理解を確認します。制度・数値が絡む場合は試験要項などの公式情報で最新の条件を必ず照合してください。間違えた問題は復習リストに残して解き直します。 間違えた問題は復習リストに残して解き直します。,,,FP3級マスター編集部,FP3級マスター編集部,2026-06-10,https://www.jafp.or.jp/,published
復習,リスク管理,学習法,一度解いた問題を再確認して定着させること。,不正解だった問題や迷った問題を後日解き直し、理解の穴を埋める学習行動。履歴やブックマークを使うと効率化できる。,学習記録;過去問;一問一答,,A,復習が出る問題では、定義の言い換え・数値や期限の条件・似た用語との違いが選択肢で問われやすいです。演習の解説で、正解と誤答の根拠を比較して確認してください。演習解説で選択肢の違いを確認してください。,復習とは？間違えた問題を得点につなげる学習法,復習は、解いた問題を知識として定着させるための重要な工程です。復習の意味と試験での見方を、この記事で整理します。 復習の意味と試験での見方を、この記事で整理します。,"復習では、正答番号を覚えるだけでなく、なぜ間違えたのか、どの用語や条件を見落としたのかを確認します。間違いの理由を残すと、次回の解き直しで弱点を発見しやすくなります。不正解だった問題や迷った問題を後日解き直し、理解の穴を埋める学習行動。

履歴やブックマークを使うと効率化できる。公式情報と演習解説で最新条件を確認してください。公式情報と演習解説で最新条件を確認してください。",不正解の理由を分類する;関連用語を確認する;時間を置いて解き直す,正解した問題をすぐに忘れるケースもあるため、迷った問題は正解でも復習対象にします。,翌日・数日後・直前期のように間隔を空けて確認すると定着しやすくなります。,一度間違えた問題は、解説を読めば二度と復習しなくてよい。,×。時間を置いた解き直しで定着を確認します。,復習とは何ですか？,復習は、ファイナンシャル・プランナー試験（FP3級）の学習や受験判断で押さえる概念です。短い定義だけでなく、試験では選択肢の言い換えや似た用語との違いとして問われることがあります。個別ページの「定義と基本理解」で意味と位置づけを確認してください。,復習でよくある誤解は？,「復習」を別の語句と同じ意味だと思い込む、または一般常識で答えてしまう誤りが多いです。本文の「よくある誤解」で、過去問の誤答パターンとセットで確認すると改善しやすくなります。混同する語は関連用語リンクから比較してください。,復習は試験でどう問われますか？,定義の言い換え、数値・期限・主体の条件、例外の有無などが四択で問われやすいです。「選択肢で問われやすい点」と例題を読み、なぜ誤答になるかまで言語化してから次の問題へ進んでください。実践・一問一答に term タグがあれば該当問も確認します。,復習を学んだあとに何を確認しますか？,関連用語を2件以上読み、過去問または実践演習で理解を確認します。制度・数値が絡む場合は試験要項などの公式情報で最新の条件を必ず照合してください。間違えた問題は復習リストに残して解き直します。 間違えた問題は復習リストに残して解き直します。,,,FP3級マスター編集部,FP3級マスター編集部,2026-06-10,https://www.jafp.or.jp/,published
模擬試験,金融資産運用,演習,本番に近い形式で解く練習。,時間配分や得点力や集中力を確認するために本番形式で解く演習。解いた後の振り返りが重要になる。試験対策では公式情報と照合します。,過去問;出題範囲,,B,模擬試験が出る問題では、定義の言い換え・数値や期限の条件・似た用語との違いが選択肢で問われやすいです。演習の解説で、正解と誤答の根拠を比較して確認してください。,模擬試験とは？本番形式で確認する総合演習,模擬試験は本番に近い形式で力を測る演習です。試験対策では定義だけでなく、過去問や関連用語とセットで確認すると理解が定着しやすくなります。,"模擬試験では時間内に解き切れるかを確認します。終了後は分野別の得点や間違えた理由を整理し次の復習に使います。時間配分や得点力や集中力を確認するために本番形式で解く演習。解いた後の振り返りが重要になる。

公式情報と演習解説で最新条件を確認してください。公式情報と演習解説で最新条件を確認してください。公式情報と演習解説で最新条件を確認してください。公式情報と演習解説で最新条件を確認してください。",制限時間を測って本番形式で解く;分野別に振り返る;弱点分野を用語と演習で復習する,点数だけ見て終わると改善点が残りにくくなります。公式情報と照合して確認してください。,試験前に数回実施すると本番感覚をつかみやすくなります。,模擬試験は点数だけ確認すればよい。,×。時間配分と弱点も確認します。,模擬試験とは何ですか？,模擬試験は、ファイナンシャル・プランナー試験（FP3級）の学習や受験判断で押さえる概念です。短い定義だけでなく、試験では選択肢の言い換えや似た用語との違いとして問われることがあります。個別ページの「定義と基本理解」で意味と位置づけを確認してください。,模擬試験でよくある誤解は？,「模擬試験」を別の語句と同じ意味だと思い込む、または一般常識で答えてしまう誤りが多いです。本文の「よくある誤解」で、過去問の誤答パターンとセットで確認すると改善しやすくなります。混同する語は関連用語リンクから比較してください。,模擬試験は試験でどう問われますか？,定義の言い換え、数値・期限・主体の条件、例外の有無などが四択で問われやすいです。「選択肢で問われやすい点」と例題を読み、なぜ誤答になるかまで言語化してから次の問題へ進んでください。実践・一問一答に term タグがあれば該当問も確認します。,模擬試験を学んだあとに何を確認しますか？,関連用語を2件以上読み、過去問または実践演習で理解を確認します。制度・数値が絡む場合は試験要項などの公式情報で最新の条件を必ず照合してください。間違えた問題は復習リストに残して解き直します。 間違えた問題は復習リストに残して解き直します。,,,FP3級マスター編集部,FP3級マスター編集部,2026-06-10,https://www.jafp.or.jp/,published
比較表,金融資産運用,整理,似た制度や数字を並べて違いを確認する表。,期限・割合・要件など、混同しやすい項目を横並びにして整理する学習ツール。暗記だけでなく理解の確認にも使える。,用語解説;出題範囲,,B,比較表が出る問題では、定義の言い換え・数値や期限の条件・似た用語との違いが選択肢で問われやすいです。演習の解説で、正解と誤答の根拠を比較して確認してください。演習解説で選択肢の違いを確認してください。,比較表とは？似た制度・数字を整理する学習ツール,比較表は、混同しやすい情報を横並びで確認するための整理方法です。比較表の意味と試験での見方を、この記事で整理します。 比較表の意味と試験での見方を、この記事で整理します。,"数字、期限、要件、例外などが多い分野では、文章だけで覚えるよりも表にして違いを見る方が理解しやすくなります。過去問で迷った選択肢を比較表に追加すると、実践的な復習資料になります。期限・割合・要件など、混同しやすい項目を横並びにして整理する学習ツール。

暗記だけでなく理解の確認にも使える。公式情報と演習解説で最新条件を確認してください。公式情報と演習解説で最新条件を確認してください。",数字や期限を横並びにする;似た用語の違いを書く;例外条件を別欄にする,項目を増やしすぎると見返しにくくなるため、試験で問われる違いに絞ります。公式情報と照合して確認してください。,「何が同じで、何が違うか」を左右に並べると覚えやすくなります。,似た制度の期限や要件は、比較表にせず個別に暗記した方が常に効率的である。,×。混同しやすい項目は比較表で整理すると確認しやすくなります。,比較表とは何ですか？,比較表は、ファイナンシャル・プランナー試験（FP3級）の学習や受験判断で押さえる概念です。短い定義だけでなく、試験では選択肢の言い換えや似た用語との違いとして問われることがあります。個別ページの「定義と基本理解」で意味と位置づけを確認してください。,比較表でよくある誤解は？,「比較表」を別の語句と同じ意味だと思い込む、または一般常識で答えてしまう誤りが多いです。本文の「よくある誤解」で、過去問の誤答パターンとセットで確認すると改善しやすくなります。混同する語は関連用語リンクから比較してください。,比較表は試験でどう問われますか？,定義の言い換え、数値・期限・主体の条件、例外の有無などが四択で問われやすいです。「選択肢で問われやすい点」と例題を読み、なぜ誤答になるかまで言語化してから次の問題へ進んでください。実践・一問一答に term タグがあれば該当問も確認します。,比較表を学んだあとに何を確認しますか？,関連用語を2件以上読み、過去問または実践演習で理解を確認します。制度・数値が絡む場合は試験要項などの公式情報で最新の条件を必ず照合してください。間違えた問題は復習リストに残して解き直します。 間違えた問題は復習リストに残して解き直します。,,,FP3級マスター編集部,FP3級マスター編集部,2026-06-10,https://www.jafp.or.jp/,published
用語解説,金融資産運用,用語集,重要語句の意味や試験での使い方を説明する記事。,過去問や一問一答で出た語句の意味や関連知識を確認するための解説。似た用語との違いも整理する。試験対策では公式情報と照合します。,比較表;過去問,,B,用語解説が出る問題では、定義の言い換え・数値や期限の条件・似た用語との違いが選択肢で問われやすいです。演習の解説で、正解と誤答の根拠を比較して確認してください。,用語解説とは？重要語句を確認する記事,用語解説は試験で使う語句を整理する記事です。試験対策では定義だけでなく、過去問や関連用語とセットで確認すると理解が定着しやすくなります。,"用語解説では定義だけでなく試験での問われ方や関連用語を確認します。過去問で分からなかった語句から読むと効率的です。過去問や一問一答で出た語句の意味や関連知識を確認するための解説。似た用語との違いも整理する。

公式情報と演習解説で最新条件を確認してください。公式情報と演習解説で最新条件を確認してください。公式情報と演習解説で最新条件を確認してください。公式情報と演習解説で最新条件を確認してください。",定義と試験での使い方を確認する;関連用語ページで混同を整理する;過去問演習に戻って理解を確認する,用語だけ暗記しても選択肢で使えない場合があります。公式情報と照合して確認してください。,関連語をセットで見ると覚えやすくなります。関連語とセットで覚えます。,用語解説は辞書のように読むだけでよい。,×。過去問と合わせて確認します。,用語解説とは何ですか？,用語解説は、ファイナンシャル・プランナー試験（FP3級）の学習や受験判断で押さえる概念です。短い定義だけでなく、試験では選択肢の言い換えや似た用語との違いとして問われることがあります。個別ページの「定義と基本理解」で意味と位置づけを確認してください。,用語解説でよくある誤解は？,「用語解説」を別の語句と同じ意味だと思い込む、または一般常識で答えてしまう誤りが多いです。本文の「よくある誤解」で、過去問の誤答パターンとセットで確認すると改善しやすくなります。混同する語は関連用語リンクから比較してください。,用語解説は試験でどう問われますか？,定義の言い換え、数値・期限・主体の条件、例外の有無などが四択で問われやすいです。「選択肢で問われやすい点」と例題を読み、なぜ誤答になるかまで言語化してから次の問題へ進んでください。実践・一問一答に term タグがあれば該当問も確認します。,用語解説を学んだあとに何を確認しますか？,関連用語を2件以上読み、過去問または実践演習で理解を確認します。制度・数値が絡む場合は試験要項などの公式情報で最新の条件を必ず照合してください。間違えた問題は復習リストに残して解き直します。 間違えた問題は復習リストに残して解き直します。,,,FP3級マスター編集部,FP3級マスター編集部,2026-06-10,https://www.jafp.or.jp/,published
試験要項,ライフプランニングと資金計画,公式情報,試験の実施条件や手続きがまとめられた案内。,試験日程や申込方法や受験資格などを確認するための基本資料。年度ごとに更新されることが多いため最新情報を確認する。,公式情報;受験資格;出題範囲,,A,試験要項が出る問題では、定義の言い換え・数値や期限の条件・似た用語との違いが選択肢で問われやすいです。演習の解説で、正解と誤答の根拠を比較して確認してください。,試験要項とは？受験前に確認する公式資料,試験要項は受験前に確認する公式資料です。試験対策では定義だけでなく、過去問や関連用語とセットで確認すると理解が定着しやすくなります。,"試験要項には申込期間や試験日程や受験資格や試験範囲などが掲載されます。非公式情報を見る場合でも最終判断は試験要項を基準にします。試験日程や申込方法や受験資格などを確認するための基本資料。

年度ごとに更新されることが多いため最新情報を確認する。公式情報と演習解説で最新条件を確認してください。公式情報と演習解説で最新条件を確認してください。公式情報と演習解説で最新条件を確認してください。",最新版を確認する;申込期限を公式要項で確認する;受験資格を確認する,古い年度の試験要項を見てしまうと申込期限や手数料を誤ることがあります。公式情報と照合して確認してください。,学習開始時と申込前に確認すると覚えやすくなります。,試験要項は一度確認すれば毎年同じである。,×。年度ごとに変更される場合があります。,試験要項とは何ですか？,試験要項は、ファイナンシャル・プランナー試験（FP3級）の学習や受験判断で押さえる概念です。短い定義だけでなく、試験では選択肢の言い換えや似た用語との違いとして問われることがあります。個別ページの「定義と基本理解」で意味と位置づけを確認してください。,試験要項でよくある誤解は？,「試験要項」を別の語句と同じ意味だと思い込む、または一般常識で答えてしまう誤りが多いです。本文の「よくある誤解」で、過去問の誤答パターンとセットで確認すると改善しやすくなります。混同する語は関連用語リンクから比較してください。,試験要項は試験でどう問われますか？,定義の言い換え、数値・期限・主体の条件、例外の有無などが四択で問われやすいです。「選択肢で問われやすい点」と例題を読み、なぜ誤答になるかまで言語化してから次の問題へ進んでください。実践・一問一答に term タグがあれば該当問も確認します。,試験要項を学んだあとに何を確認しますか？,関連用語を2件以上読み、過去問または実践演習で理解を確認します。制度・数値が絡む場合は試験要項などの公式情報で最新の条件を必ず照合してください。間違えた問題は復習リストに残して解き直します。 間違えた問題は復習リストに残して解き直します。,,,FP3級マスター編集部,FP3級マスター編集部,2026-06-10,https://www.jafp.or.jp/,published
過去問,リスク管理,演習,過去に出題された問題。。,出題形式や頻出テーマを確認するために使う演習素材。点数だけでなく間違えた理由の分析が重要になる。試験対策では公式情報と照合します。,復習;用語解説;試験要項,,A,過去問が出る問題では、定義の言い換え・数値や期限の条件・似た用語との違いが選択肢で問われやすいです。演習の解説で、正解と誤答の根拠を比較して確認してください。演習解説で選択肢の違いを確認してください。,過去問とは？出題傾向と弱点を確認する演習素材,過去問は出題傾向を知るための基本素材です。試験対策では定義だけでなく、過去問や関連用語とセットで確認すると理解が定着しやすくなります。,"過去問を解くと形式や問われ方に慣れます。正解数だけでなく間違えた選択肢や迷った理由を記録すると学習効果が高まります。出題形式や頻出テーマを確認するために使う演習素材。

点数だけでなく間違えた理由の分析が重要になる。公式情報と演習解説で最新条件を確認してください。公式情報と演習解説で最新条件を確認してください。公式情報と演習解説で最新条件を確認してください。",年度別に過去問を解いて傾向を把握する;間違いを分類する;解説を読んで選択肢の違いを確認する,答えだけ覚えると少し表現が変わった問題に対応しにくくなります。公式情報と照合して確認してください。,間違えた問題に印を付けると復習しやすくなります。関連語とセットで覚えます。,過去問は答えを覚えれば十分である。,×。理由まで確認することが大切です。,過去問とは何ですか？,過去問は、ファイナンシャル・プランナー試験（FP3級）の学習や受験判断で押さえる概念です。短い定義だけでなく、試験では選択肢の言い換えや似た用語との違いとして問われることがあります。個別ページの「定義と基本理解」で意味と位置づけを確認してください。,過去問でよくある誤解は？,「過去問」を別の語句と同じ意味だと思い込む、または一般常識で答えてしまう誤りが多いです。本文の「よくある誤解」で、過去問の誤答パターンとセットで確認すると改善しやすくなります。混同する語は関連用語リンクから比較してください。,過去問は試験でどう問われますか？,定義の言い換え、数値・期限・主体の条件、例外の有無などが四択で問われやすいです。「選択肢で問われやすい点」と例題を読み、なぜ誤答になるかまで言語化してから次の問題へ進んでください。実践・一問一答に term タグがあれば該当問も確認します。,過去問を学んだあとに何を確認しますか？,関連用語を2件以上読み、過去問または実践演習で理解を確認します。制度・数値が絡む場合は試験要項などの公式情報で最新の条件を必ず照合してください。間違えた問題は復習リストに残して解き直します。 間違えた問題は復習リストに残して解き直します。,,,FP3級マスター編集部,FP3級マスター編集部,2026-06-10,https://www.jafp.or.jp/,published
ファイナンシャル・プランニング,ライフプランニングと資金計画,FP3級;用語,個人や家族の生涯にわたる資金計画を作成・実行するプロセス。,個人や家族の生涯にわたる資金計画を作成・実行するプロセス。,,,B,,,,,,,,,,,,,,,,,,,,,,,,draft
ライフイベント,ライフプランニングと資金計画,FP3級;用語,結婚・出産・住宅購入・退職など、人生の節目となる出来事。,結婚・出産・住宅購入・退職など、人生の節目となる出来事。,,,B,,,,,,,,,,,,,,,,,,,,,,,,draft
ライフプラン,ライフプランニングと資金計画,FP3級;用語,ライフイベントを考慮して作成する人生全体の生活設計。,ライフイベントを考慮して作成する人生全体の生活設計。,,,B,,,,,,,,,,,,,,,,,,,,,,,,draft
キャッシュフロー表,ライフプランニングと資金計画,FP3級;用語,毎年の収入・支出・貯蓄残高を時系列で示した表。,毎年の収入・支出・貯蓄残高を時系列で示した表。,,,B,,,,,,,,,,,,,,,,,,,,,,,,draft
個人バランスシート,ライフプランニングと資金計画,FP3級;用語,ある時点の資産と負債の状況を示した財務状況一覧表。,ある時点の資産と負債の状況を示した財務状況一覧表。,,,B,,,,,,,,,,,,,,,,,,,,,,,,draft
終価係数,ライフプランニングと資金計画,FP3級;用語,元本が将来いくらになるかを求める係数（1＋利率）ⁿ。,元本が将来いくらになるかを求める係数（1＋利率）ⁿ。,,,B,,,,,,,「いまのお金」を複利で運用したら「将来いくら」になるかを求める係数。終価＝終わり（将来）の価値、と覚えます。例：100万円を年3％で10年なら終価係数1.344倍で約134万円。現価係数とは逆数の関係です。,,,,,,,,,,,,,,,,,draft
現価係数,ライフプランニングと資金計画,FP3級;用語,将来の一定額を現在価値に換算する係数（終価係数の逆数）。,将来の一定額を現在価値に換算する係数（終価係数の逆数）。,,,B,,,,,,,「将来の目標額」に必要な「いまの元本」を一括で求める係数。現価＝現在必要な元本。終価係数の逆数で、将来から今へ割り戻すイメージです。例：10年後に100万円必要なら現価係数0.744で約74万円を今用意します。,,,,,,,,,,,,,,,,,draft
年金終価係数,ライフプランニングと資金計画,FP3級;用語,毎期積み立てた金額が将来いくらになるかを求める係数。,毎期積み立てた金額が将来いくらになるかを求める係数。,,,B,,,,,,,毎年コツコツ積み立てたら「将来の合計額」はいくらかを求める係数。年金（毎年）×終価（将来）で覚えます。減債基金係数とは逆数の関係です。例：毎年10万円を10年積み立てた到達額を出すときに使います。,,,,,,,,,,,,,,,,,draft
減債基金係数,ライフプランニングと資金計画,FP3級;用語,将来の目標額に達するために毎期必要な積立額を求める係数。,将来の目標額に達するために毎期必要な積立額を求める係数。,,,B,,,,,,,「将来の目標額」を貯めるために「毎年いくら積み立てる」かを求める係数。ゴール（目標額）から毎年の積立額を逆算、と覚えます。年金終価係数の逆数です。例：10年後に100万円貯めるなら毎年いくら積むかを算出します。6つの係数は『終価⇔現価』『年金終価⇔減債基金』『年金現価⇔資本回収』の3ペアが逆数、と整理すると混同しません。,,,,,,,,,,,,,,,,,draft
年金現価係数,ライフプランニングと資金計画,FP3級;用語,将来の年金受取額を現在価値に換算する係数。,将来の年金受取額を現在価値に換算する係数。,,,B,,,,,,,毎年一定額を受け取り続けるために「いま必要な原資」を求める係数。受取（毎年）を今の金額に割り戻します。資本回収係数の逆数です。例：毎年12万円を10年受け取るのに必要な原資を算出します。,,,,,,,,,,,,,,,,,draft
資本回収係数,ライフプランニングと資金計画,FP3級;用語,元本を一定期間で回収するために必要な毎期返済額を求める係数。,元本を一定期間で回収するために必要な毎期返済額を求める係数。,,,B,,,,,,,「いまある元本」を取り崩して「毎年いくら受け取れる」かを求める係数。資本を回収（取り崩す）＝毎年の受取額やローンの返済額に使います。年金現価係数の逆数です。求めたいものが『毎年の額』なら減債基金・資本回収を思い出すと選びやすいです。,,,,,,,,,,,,,,,,,draft
公的医療保険,ライフプランニングと資金計画,FP3級;用語,病気・ケガの際の医療費を保障する国が運営する強制加入の保険制度。,病気・ケガの際の医療費を保障する国が運営する強制加入の保険制度。,,,B,,,,,,,,,,,,,,,,,,,,,,,,draft
健康保険,ライフプランニングと資金計画,FP3級;用語,主に会社員が加入する公的医療保険で、全国健康保険協会または健康保険組合が運営。,主に会社員が加入する公的医療保険で、全国健康保険協会または健康保険組合が運営。,,,B,,,,,,,,,,,,,,,,,,,,,,,,draft
国民健康保険,ライフプランニングと資金計画,FP3級;用語,自営業者・農業者・無職者などが加入する市区町村が運営する公的医療保険。,自営業者・農業者・無職者などが加入する市区町村が運営する公的医療保険。,,,B,,,,,,,,,,,,,,,,,,,,,,,,draft
後期高齢者医療制度,ライフプランニングと資金計画,FP3級;用語,75歳以上（または65歳以上の障害認定者）を対象とする独立した医療制度。,75歳以上（または65歳以上の障害認定者）を対象とする独立した医療制度。,,,B,,,,,,,,,,,,,,,,,,,,,,,,draft
傷病手当金,ライフプランニングと資金計画,FP3級;用語,健康保険の被保険者が業務外の病気・ケガで連続4日以上休業した際に支給される給付。,健康保険の被保険者が業務外の病気・ケガで連続4日以上休業した際に支給される給付。,,,B,,,,,,,,,,,,,,,,,,,,,,,,draft
出産手当金,ライフプランニングと資金計画,FP3級;用語,健康保険の被保険者が出産のため休業した際に支給される給付（産前42日・産後56日）。,健康保険の被保険者が出産のため休業した際に支給される給付（産前42日・産後56日）。,,,B,,,,,,,,,,,,,,,,,,,,,,,,draft
出産育児一時金,ライフプランニングと資金計画,FP3級;用語,健康保険から支給される出産時の一時金（原則50万円）。,健康保険から支給される出産時の一時金（原則50万円）。,,,B,,,,,,,,,,,,,,,,,,,,,,,,draft
埋葬料,ライフプランニングと資金計画,FP3級;用語,健康保険の被保険者が死亡した際に支給される給付（5万円）。,健康保険の被保険者が死亡した際に支給される給付（5万円）。,,,B,,,,,,,,,,,,,,,,,,,,,,,,draft
高額療養費制度,ライフプランニングと資金計画,FP3級;用語,1か月の医療費自己負担が一定額（自己負担限度額）を超えた場合に超過分を払い戻す制度。,1か月の医療費自己負担が一定額（自己負担限度額）を超えた場合に超過分を払い戻す制度。,,,B,,,,,,,,,,,,,,,,,,,,,,,,draft
自己負担限度額,ライフプランニングと資金計画,FP3級;用語,高額療養費制度における月ごとの自己負担の上限額で、所得区分に応じて異なる。,高額療養費制度における月ごとの自己負担の上限額で、所得区分に応じて異なる。,,,B,,,,,,,,,,,,,,,,,,,,,,,,draft
介護保険,ライフプランニングと資金計画,FP3級;用語,40歳以上が加入し、要介護・要支援認定を受けた際に介護サービスを受けられる制度。,40歳以上が加入し、要介護・要支援認定を受けた際に介護サービスを受けられる制度。,,,B,,,,,,,,,,,,,,,,,,,,,,,,draft
第1号被保険者（介護）,ライフプランニングと資金計画,FP3級;用語,介護保険の65歳以上の加入者で、原因を問わず要介護認定を受けられる。,介護保険の65歳以上の加入者で、原因を問わず要介護認定を受けられる。,,,B,,,,,,,,,,,,,,,,,,,,,,,,draft
第2号被保険者（介護）,ライフプランニングと資金計画,FP3級;用語,介護保険の40歳以上65歳未満の加入者で、特定疾病が原因の場合に給付を受けられる。,介護保険の40歳以上65歳未満の加入者で、特定疾病が原因の場合に給付を受けられる。,,,B,,,,,,,,,,,,,,,,,,,,,,,,draft
要介護認定,ライフプランニングと資金計画,FP3級;用語,介護保険のサービスを利用するために必要な認定で、要支援1〜2・要介護1〜5の7段階。,介護保険のサービスを利用するために必要な認定で、要支援1〜2・要介護1〜5の7段階。,,,B,,,,,,,,,,,,,,,,,,,,,,,,draft
国民年金（基礎年金）,ライフプランニングと資金計画,FP3級;用語,20歳以上60歳未満の全ての人が加入する1階建ての年金制度。,20歳以上60歳未満の全ての人が加入する1階建ての年金制度。,,,B,,,,,,,,,,,,,,,,,,,,,,,,draft
厚生年金保険,ライフプランニングと資金計画,FP3級;用語,会社員・公務員等が国民年金に上乗せして加入する2階建ての年金制度。,会社員・公務員等が国民年金に上乗せして加入する2階建ての年金制度。,,,B,,,,,,,,,,,,,,,,,,,,,,,,draft
第1号被保険者（年金）,ライフプランニングと資金計画,FP3級;用語,国民年金の自営業者・学生・無職者等で、保険料を自ら納付する。,国民年金の自営業者・学生・無職者等で、保険料を自ら納付する。,,,B,,,,,,,,,,,,,,,,,,,,,,,,draft
第2号被保険者（年金）,ライフプランニングと資金計画,FP3級;用語,国民年金の会社員・公務員等で、厚生年金保険を通じて国民年金にも加入。,国民年金の会社員・公務員等で、厚生年金保険を通じて国民年金にも加入。,,,B,,,,,,,,,,,,,,,,,,,,,,,,draft
第3号被保険者（年金）,ライフプランニングと資金計画,FP3級;用語,国民年金の第2号被保険者に扶養される配偶者で、保険料負担なく加入。,国民年金の第2号被保険者に扶養される配偶者で、保険料負担なく加入。,,,B,,,,,,,,,,,,,,,,,,,,,,,,draft
老齢基礎年金,ライフプランニングと資金計画,FP3級;用語,原則65歳から受給できる国民年金の老齢給付で、受給には10年以上の受給資格期間が必要。,原則65歳から受給できる国民年金の老齢給付で、受給には10年以上の受給資格期間が必要。,,,B,,,,,,,,,,,,,,,,,,,,,,,,draft
老齢厚生年金,ライフプランニングと資金計画,FP3級;用語,老齢基礎年金に上乗せされる厚生年金保険の老齢給付。,老齢基礎年金に上乗せされる厚生年金保険の老齢給付。,,,B,,,,,,,,,,,,,,,,,,,,,,,,draft
障害基礎年金,ライフプランニングと資金計画,FP3級;用語,初診日から1年6か月後に一定の障害状態にある場合に支給される国民年金の給付。,初診日から1年6か月後に一定の障害状態にある場合に支給される国民年金の給付。,,,B,,,,,,,,,,,,,,,,,,,,,,,,draft
遺族基礎年金,ライフプランニングと資金計画,FP3級;用語,子のある配偶者または子に支給される国民年金の死亡給付。,子のある配偶者または子に支給される国民年金の死亡給付。,,,B,,,,,,,,,,,,,,,,,,,,,,,,draft
遺族厚生年金,ライフプランニングと資金計画,FP3級;用語,厚生年金保険の被保険者等が死亡した場合に遺族に支給される給付。,厚生年金保険の被保険者等が死亡した場合に遺族に支給される給付。,,,B,,,,,,,,,,,,,,,,,,,,,,,,draft
繰上げ受給,ライフプランニングと資金計画,FP3級;用語,老齢年金を60〜64歳の間に前倒して受け取ること（1か月あたり0.4%減額）。,老齢年金を60〜64歳の間に前倒して受け取ること（1か月あたり0.4%減額）。,,,B,,,,,,,,,,,,,,,,,,,,,,,,draft
繰下げ受給,ライフプランニングと資金計画,FP3級;用語,老齢年金を66〜75歳まで遅らせて受け取ること（1か月あたり0.7%増額）。,老齢年金を66〜75歳まで遅らせて受け取ること（1か月あたり0.7%増額）。,,,B,,,,,,,,,,,,,,,,,,,,,,,,draft
付加年金,ライフプランニングと資金計画,FP3級;用語,国民年金第1号被保険者が月400円の付加保険料を納付することで上乗せされる年金。,国民年金第1号被保険者が月400円の付加保険料を納付することで上乗せされる年金。,,,B,,,,,,,,,,,,,,,,,,,,,,,,draft
国民年金基金,ライフプランニングと資金計画,FP3級;用語,国民年金第1号被保険者が加入できる上乗せ年金制度（付加年金との併用不可）。,国民年金第1号被保険者が加入できる上乗せ年金制度（付加年金との併用不可）。,,,B,,,,,,,,,,,,,,,,,,,,,,,,draft
iDeCo（個人型確定拠出年金）,ライフプランニングと資金計画,FP3級;用語,自ら掛金を拠出・運用する私的年金で、掛金が全額所得控除となる。,自ら掛金を拠出・運用する私的年金で、掛金が全額所得控除となる。,,,B,,,,,,,,,,,,,,,,,,,,,,,,draft
企業型確定拠出年金（DC）,ライフプランニングと資金計画,FP3級;用語,企業が掛金を拠出し従業員が運用する私的年金で、給付額は運用結果により変動。,企業が掛金を拠出し従業員が運用する私的年金で、給付額は運用結果により変動。,,,B,,,,,,,,,,,,,,,,,,,,,,,,draft
確定給付企業年金（DB）,ライフプランニングと資金計画,FP3級;用語,あらかじめ給付額が確定している企業年金制度。,あらかじめ給付額が確定している企業年金制度。,,,B,,,,,,,,,,,,,,,,,,,,,,,,draft
雇用保険,ライフプランニングと資金計画,FP3級;用語,失業・育児・介護等の際に給付を行う強制加入の労働保険。,失業・育児・介護等の際に給付を行う強制加入の労働保険。,,,B,,,,,,,,,,,,,,,,,,,,,,,,draft
基本手当（失業給付）,ライフプランニングと資金計画,FP3級;用語,雇用保険の被保険者が離職した際に受け取れる給付（いわゆる失業手当）。,雇用保険の被保険者が離職した際に受け取れる給付（いわゆる失業手当）。,,,B,,,,,,,,,,,,,,,,,,,,,,,,draft
所定給付日数,ライフプランニングと資金計画,FP3級;用語,基本手当を受け取れる日数で、離職理由・被保険者期間・年齢により異なる。,基本手当を受け取れる日数で、離職理由・被保険者期間・年齢により異なる。,,,B,,,,,,,,,,,,,,,,,,,,,,,,draft
給付制限,ライフプランニングと資金計画,FP3級;用語,自己都合退職の場合に基本手当の支給が2〜3か月間待機される措置。,自己都合退職の場合に基本手当の支給が2〜3か月間待機される措置。,,,B,,,,,,,,,,,,,,,,,,,,,,,,draft
労災保険,ライフプランニングと資金計画,FP3級;用語,業務上・通勤途上の災害に対して医療費・休業補償等を給付する制度。,業務上・通勤途上の災害に対して医療費・休業補償等を給付する制度。,,,B,,,,,,,,,,,,,,,,,,,,,,,,draft
保険契約者,リスク管理,FP3級;用語,保険会社と保険契約を結び保険料を支払う人。,保険会社と保険契約を結び保険料を支払う人。,,,B,,,,,,,,,,,,,,,,,,,,,,,,draft
被保険者,リスク管理,FP3級;用語,保険の対象となる人（生命保険では保険の対象、損害保険では損害補償の対象）。,保険の対象となる人（生命保険では保険の対象、損害保険では損害補償の対象）。,,,B,,,,,,,,,,,,,,,,,,,,,,,,draft
保険受取人,リスク管理,FP3級;用語,保険金を受け取る権利を持つ人。,保険金を受け取る権利を持つ人。,,,B,,,,,,,,,,,,,,,,,,,,,,,,draft
保険料,リスク管理,FP3級;用語,保険契約者が保険会社に支払う対価。,保険契約者が保険会社に支払う対価。,,,B,,,,,,,,,,,,,,,,,,,,,,,,draft
保険金,リスク管理,FP3級;用語,保険事故が発生した際に保険会社から支払われる金額。,保険事故が発生した際に保険会社から支払われる金額。,,,B,,,,,,,,,,,,,,,,,,,,,,,,draft
給付金,リスク管理,FP3級;用語,入院・手術など保険事故に際して支払われる金額（保険金以外の給付）。,入院・手術など保険事故に際して支払われる金額（保険金以外の給付）。,,,B,,,,,,,,,,,,,,,,,,,,,,,,draft
純保険料,リスク管理,FP3級;用語,保険金支払いに充てられる保険料部分（付加保険料を除く）。,保険金支払いに充てられる保険料部分（付加保険料を除く）。,,,B,,,,,,,,,,,,,,,,,,,,,,,,draft
付加保険料,リスク管理,FP3級;用語,保険会社の経費・利益に充てられる保険料部分。,保険会社の経費・利益に充てられる保険料部分。,,,B,,,,,,,,,,,,,,,,,,,,,,,,draft
告知義務,リスク管理,FP3級;用語,保険契約時に保険会社から求められた事項について正確に申告する義務。,保険契約時に保険会社から求められた事項について正確に申告する義務。,,,B,,,,,,,,,,,,,,,,,,,,,,,,draft
通知義務,リスク管理,FP3級;用語,契約後に契約内容に影響する事実が生じた際に保険会社に知らせる義務。,契約後に契約内容に影響する事実が生じた際に保険会社に知らせる義務。,,,B,,,,,,,,,,,,,,,,,,,,,,,,draft
失効,リスク管理,FP3級;用語,保険料の未払い等により保険契約の効力が消滅すること。,保険料の未払い等により保険契約の効力が消滅すること。,,,B,,,,,,,,,,,,,,,,,,,,,,,,draft
解約返戻金,リスク管理,FP3級;用語,生命保険を途中解約した際に返戻される金額で、積立部分から計算される。,生命保険を途中解約した際に返戻される金額で、積立部分から計算される。,,,B,,,,,,,,,,,,,,,,,,,,,,,,draft
定期保険,リスク管理,FP3級;用語,一定期間内に死亡した場合のみ保険金が支払われる掛け捨て型保険。,一定期間内に死亡した場合のみ保険金が支払われる掛け捨て型保険。,,,B,,,,,,,,,,,,,,,,,,,,,,,,draft
終身保険,リスク管理,FP3級;用語,保険期間が一生涯で、死亡・高度障害時に保険金が支払われる保険。,保険期間が一生涯で、死亡・高度障害時に保険金が支払われる保険。,,,B,,,,,,,,,,,,,,,,,,,,,,,,draft
養老保険,リスク管理,FP3級;用語,一定期間内の死亡保障と、満期時の満期保険金がセットになった保険。,一定期間内の死亡保障と、満期時の満期保険金がセットになった保険。,,,B,,,,,,,,,,,,,,,,,,,,,,,,draft
収入保障保険,リスク管理,FP3級;用語,被保険者の死亡後、残りの保険期間中に毎月一定額が支払われる保険。,被保険者の死亡後、残りの保険期間中に毎月一定額が支払われる保険。,,,B,,,,,,,,,,,,,,,,,,,,,,,,draft
変額保険,リスク管理,FP3級;用語,運用実績によって保険金・解約返戻金が変動する保険（死亡保険金に最低保証あり）。,運用実績によって保険金・解約返戻金が変動する保険（死亡保険金に最低保証あり）。,,,B,,,,,,,,,,,,,,,,,,,,,,,,draft
定期保険特約,リスク管理,FP3級;用語,主契約（終身保険等）に上乗せして一定期間の死亡保障を追加する特約。,主契約（終身保険等）に上乗せして一定期間の死亡保障を追加する特約。,,,B,,,,,,,,,,,,,,,,,,,,,,,,draft
疾病入院特約,リスク管理,FP3級;用語,病気による入院・手術に対して給付金が支払われる特約。,病気による入院・手術に対して給付金が支払われる特約。,,,B,,,,,,,,,,,,,,,,,,,,,,,,draft
災害割増特約,リスク管理,FP3級;用語,不慮の事故や災害による死亡・障害に対して保険金が割増して支払われる特約。,不慮の事故や災害による死亡・障害に対して保険金が割増して支払われる特約。,,,B,,,,,,,,,,,,,,,,,,,,,,,,draft
リビングニーズ特約,リスク管理,FP3級;用語,余命6か月以内と診断された場合に死亡保険金の一部または全部を前払いで受け取れる特約（無料）。,余命6か月以内と診断された場合に死亡保険金の一部または全部を前払いで受け取れる特約（無料）。,,,B,,,,,,,,,,,,,,,,,,,,,,,,draft
保険料払込猶予期間,リスク管理,FP3級;用語,保険料の払込期日を過ぎても一定期間は失効しない猶予期間（月払い：翌月末日まで等）。,保険料の払込期日を過ぎても一定期間は失効しない猶予期間（月払い：翌月末日まで等）。,,,B,,,,,,,,,,,,,,,,,,,,,,,,draft
自動振替貸付制度,リスク管理,FP3級;用語,保険料払込猶予期間内に払込がない場合、解約返戻金を担保に保険料を自動で立替する制度。,保険料払込猶予期間内に払込がない場合、解約返戻金を担保に保険料を自動で立替する制度。,,,B,,,,,,,,,,,,,,,,,,,,,,,,draft
契約者貸付制度,リスク管理,FP3級;用語,解約返戻金の一定範囲内で保険会社から借入できる制度。,解約返戻金の一定範囲内で保険会社から借入できる制度。,,,B,,,,,,,,,,,,,,,,,,,,,,,,draft
払済保険,リスク管理,FP3級;用語,以降の保険料払込を中止し、その時点の解約返戻金を原資に保険期間を維持する方法。,以降の保険料払込を中止し、その時点の解約返戻金を原資に保険期間を維持する方法。,,,B,,,,,,,,,,,,,,,,,,,,,,,,draft
延長保険,リスク管理,FP3級;用語,保険料払込を中止し、解約返戻金を原資に定期保険に転換して保険金額を維持する方法。,保険料払込を中止し、解約返戻金を原資に定期保険に転換して保険金額を維持する方法。,,,B,,,,,,,,,,,,,,,,,,,,,,,,draft
責任準備金,リスク管理,FP3級;用語,保険会社が将来の保険金支払いに備えて積み立てる準備金。,保険会社が将来の保険金支払いに備えて積み立てる準備金。,,,B,,,,,,,,,,,,,,,,,,,,,,,,draft
予定利率,リスク管理,FP3級;用語,保険会社が保険料算出時に見込む運用利回りで、高いほど保険料が安くなる。,保険会社が保険料算出時に見込む運用利回りで、高いほど保険料が安くなる。,,,B,,,,,,,,,,,,,,,,,,,,,,,,draft
生命保険料控除,リスク管理,FP3級;用語,支払った生命保険料の一定額を所得控除できる制度（一般・介護医療・個人年金の3区分）。,支払った生命保険料の一定額を所得控除できる制度（一般・介護医療・個人年金の3区分）。,,,B,,,,,,,,,,,,,,,,,,,,,,,,draft
火災保険,リスク管理,FP3級;用語,建物・家財が火災・風水害等の損害を受けた場合に補償する保険。,建物・家財が火災・風水害等の損害を受けた場合に補償する保険。,,,B,,,,,,,,,,,,,,,,,,,,,,,,draft
地震保険,リスク管理,FP3級;用語,地震・噴火・津波による火災等の損害を補償する保険で、火災保険に付帯する形で加入。,地震・噴火・津波による火災等の損害を補償する保険で、火災保険に付帯する形で加入。,,,B,,,,,,,,,,,,,,,,,,,,,,,,draft
自動車保険（任意）,リスク管理,FP3級;用語,自賠責保険を補完する任意加入の保険で、対人・対物・車両・搭乗者等を補償。,自賠責保険を補完する任意加入の保険で、対人・対物・車両・搭乗者等を補償。,,,B,,,,,,,,,,,,,,,,,,,,,,,,draft
自動車損害賠償責任保険（自賠責）,リスク管理,FP3級;用語,自動車の人身事故に対する加害者の損害賠償を補償する強制加入保険。,自動車の人身事故に対する加害者の損害賠償を補償する強制加入保険。,,,B,,,,,,,,,,,,,,,,,,,,,,,,draft
賠償責任保険,リスク管理,FP3級;用語,第三者に損害を与えた際の賠償責任を補償する保険。,第三者に損害を与えた際の賠償責任を補償する保険。,,,B,,,,,,,,,,,,,,,,,,,,,,,,draft
傷害保険,リスク管理,FP3級;用語,急激・偶発・外来の事故による傷害を補償する保険。,急激・偶発・外来の事故による傷害を補償する保険。,,,B,,,,,,,,,,,,,,,,,,,,,,,,draft
実損払い,リスク管理,FP3級;用語,実際に生じた損害額と同額を保険金として支払う方式。,実際に生じた損害額と同額を保険金として支払う方式。,,,B,,,,,,,,,,,,,,,,,,,,,,,,draft
新価（再調達価額）,リスク管理,FP3級;用語,損害を受けた建物・家財と同等のものを新たに取得するために必要な金額。,損害を受けた建物・家財と同等のものを新たに取得するために必要な金額。,,,B,,,,,,,,,,,,,,,,,,,,,,,,draft
時価,リスク管理,FP3級;用語,損害発生時点での物の市場価値（新価から経年減価を差し引いた金額）。,損害発生時点での物の市場価値（新価から経年減価を差し引いた金額）。,,,B,,,,,,,,,,,,,,,,,,,,,,,,draft
超過保険,リスク管理,FP3級;用語,保険金額が保険価額（時価）を超えている状態（超過部分は無効）。,保険金額が保険価額（時価）を超えている状態（超過部分は無効）。,,,B,,,,,,,,,,,,,,,,,,,,,,,,draft
一部保険,リスク管理,FP3級;用語,保険金額が保険価額を下回っている状態（按分比例で保険金が削減される）。,保険金額が保険価額を下回っている状態（按分比例で保険金が削減される）。,,,B,,,,,,,,,,,,,,,,,,,,,,,,draft
損害保険料控除（地震保険料控除）,リスク管理,FP3級;用語,地震保険料を支払った場合に一定額を所得控除できる制度。,地震保険料を支払った場合に一定額を所得控除できる制度。,,,B,,,,,,,,,,,,,,,,,,,,,,,,draft
医療保険（第三分野）,リスク管理,FP3級;用語,入院・手術等の医療費を補償する保険で、生命保険会社・損害保険会社どちらでも販売可。,入院・手術等の医療費を補償する保険で、生命保険会社・損害保険会社どちらでも販売可。,,,B,,,,,,,,,,,,,,,,,,,,,,,,draft
がん保険,リスク管理,FP3級;用語,がんの診断・入院・手術・通院等に対して給付金が支払われる保険。,がんの診断・入院・手術・通院等に対して給付金が支払われる保険。,,,B,,,,,,,,,,,,,,,,,,,,,,,,draft
介護保険（民間）,リスク管理,FP3級;用語,要介護状態になった際に一時金または年金形式で給付が受けられる保険。,要介護状態になった際に一時金または年金形式で給付が受けられる保険。,,,B,,,,,,,,,,,,,,,,,,,,,,,,draft
単利,金融資産運用,FP3級;用語,元本のみに利息がつく利息計算方法。,元本のみに利息がつく利息計算方法。,,,B,,,,,,,,,,,,,,,,,,,,,,,,draft
複利,金融資産運用,FP3級;用語,元本に利息を加えた金額に次期の利息がつく利息計算方法。,元本に利息を加えた金額に次期の利息がつく利息計算方法。,,,B,,,,,,,,,,,,,,,,,,,,,,,,draft
実質金利,金融資産運用,FP3級;用語,名目金利からインフレ率を差し引いた実際の購買力ベースの金利。,名目金利からインフレ率を差し引いた実際の購買力ベースの金利。,,,B,,,,,,,,,,,,,,,,,,,,,,,,draft
インフレ（インフレーション）,金融資産運用,FP3級;用語,物価が持続的に上昇する状態。,物価が持続的に上昇する状態。,,,B,,,,,,,,,,,,,,,,,,,,,,,,draft
デフレ（デフレーション）,金融資産運用,FP3級;用語,物価が持続的に下落する状態。,物価が持続的に下落する状態。,,,B,,,,,,,,,,,,,,,,,,,,,,,,draft
GDP（国内総生産）,金融資産運用,FP3級;用語,一定期間内に国内で生産された財・サービスの付加価値の総額。,一定期間内に国内で生産された財・サービスの付加価値の総額。,,,B,,,,,,,,,,,,,,,,,,,,,,,,draft
日銀短観,金融資産運用,FP3級;用語,日本銀行が四半期ごとに発表する企業の業況感調査（短期経済観測調査）。,日本銀行が四半期ごとに発表する企業の業況感調査（短期経済観測調査）。,,,B,,,,,,,,,,,,,,,,,,,,,,,,draft
消費者物価指数（CPI）,金融資産運用,FP3級;用語,家計が購入する財・サービスの価格変動を測る指数。,家計が購入する財・サービスの価格変動を測る指数。,,,B,,,,,,,,,,,,,,,,,,,,,,,,draft
普通預金,金融資産運用,FP3級;用語,いつでも自由に預け入れ・引き出しができる流動性の高い預金。,いつでも自由に預け入れ・引き出しができる流動性の高い預金。,,,B,,,,,,,,,,,,,,,,,,,,,,,,draft
定期預金,金融資産運用,FP3級;用語,一定期間預け入れを約束する代わりに普通預金より高金利が得られる預金。,一定期間預け入れを約束する代わりに普通預金より高金利が得られる預金。,,,B,,,,,,,,,,,,,,,,,,,,,,,,draft
ゆうちょ銀行の預入限度額,金融資産運用,FP3級;用語,"通常貯金と定期性貯金それぞれ1,300万円が上限（合計2,600万円）。","通常貯金と定期性貯金それぞれ1,300万円が上限（合計2,600万円）。",,,B,,,,,,,,,,,,,,,,,,,,,,,,draft
預金保険制度,金融資産運用,FP3級;用語,"金融機関が破綻した際に預金者を保護する制度（元本1,000万円と利息まで保護）。","金融機関が破綻した際に預金者を保護する制度（元本1,000万円と利息まで保護）。",,,B,,,,,,,,,,,,,,,,,,,,,,,,draft
決済用預金,金融資産運用,FP3級;用語,無利息・要求払い・決済サービスを条件とする預金で、全額保護される。,無利息・要求払い・決済サービスを条件とする預金で、全額保護される。,,,B,,,,,,,,,,,,,,,,,,,,,,,,draft
債券,金融資産運用,FP3級;用語,国・地方公共団体・企業等が資金調達のために発行する有価証券。,国・地方公共団体・企業等が資金調達のために発行する有価証券。,,,B,,,,,,,,,,,,,,,,,,,,,,,,draft
額面金額（元本）,金融資産運用,FP3級;用語,債券の満期時に返還される金額。,債券の満期時に返還される金額。,,,B,,,,,,,,,,,,,,,,,,,,,,,,draft
クーポン（利率）,金融資産運用,FP3級;用語,債券の額面金額に対して定期的に支払われる利子の割合。,債券の額面金額に対して定期的に支払われる利子の割合。,,,B,,,,,,,,,,,,,,,,,,,,,,,,draft
最終利回り,金融資産運用,FP3級;用語,債券を現在の価格で購入し満期まで保有した場合の年平均利回り。,債券を現在の価格で購入し満期まで保有した場合の年平均利回り。,,,B,,,,,,,,,,,,,,,,,,,,,,,,draft
直接利回り,金融資産運用,FP3級;用語,投資金額（購入価格）に対する年間利子収入の割合。,投資金額（購入価格）に対する年間利子収入の割合。,,,B,,,,,,,,,,,,,,,,,,,,,,,,draft
応募者利回り,金融資産運用,FP3級;用語,新発債を発行価格で購入し満期まで保有した場合の利回り。,新発債を発行価格で購入し満期まで保有した場合の利回り。,,,B,,,,,,,,,,,,,,,,,,,,,,,,draft
個人向け国債,金融資産運用,FP3級;用語,個人が購入できる国債で、変動10年・固定5年・固定3年の3種類（最低金利保証0.05%）。,個人が購入できる国債で、変動10年・固定5年・固定3年の3種類（最低金利保証0.05%）。,,,B,,,,,,,,,,,,,,,,,,,,,,,,draft
信用リスク（デフォルトリスク）,金融資産運用,FP3級;用語,発行体が利子・元本を支払えなくなるリスク。,発行体が利子・元本を支払えなくなるリスク。,,,B,,,,,,,,,,,,,,,,,,,,,,,,draft
格付け,金融資産運用,FP3級;用語,格付機関が債券・発行体の信用度をアルファベット等で示した評価。,格付機関が債券・発行体の信用度をアルファベット等で示した評価。,,,B,,,,,,,,,,,,,,,,,,,,,,,,draft
株式,金融資産運用,FP3級;用語,株式会社が資金調達のために発行する有価証券で、株主は会社の所有者の一員となる。,株式会社が資金調達のために発行する有価証券で、株主は会社の所有者の一員となる。,,,B,,,,,,,,,,,,,,,,,,,,,,,,draft
配当,金融資産運用,FP3級;用語,企業が利益の一部を株主に分配すること（配当金）。,企業が利益の一部を株主に分配すること（配当金）。,,,B,,,,,,,,,,,,,,,,,,,,,,,,draft
株主優待,金融資産運用,FP3級;用語,企業が株主に対して自社製品・サービス等を提供する制度。,企業が株主に対して自社製品・サービス等を提供する制度。,,,B,,,,,,,,,,,,,,,,,,,,,,,,draft
PER（株価収益率）,金融資産運用,FP3級;用語,株価÷1株当たり純利益で算出する指標（低いほど割安の目安）。,株価÷1株当たり純利益で算出する指標（低いほど割安の目安）。,,,B,,,,,,,,,,,,,,,,,,,,,,,,draft
PBR（株価純資産倍率）,金融資産運用,FP3級;用語,株価÷1株当たり純資産で算出する指標（1倍を下回ると解散価値割れ）。,株価÷1株当たり純資産で算出する指標（1倍を下回ると解散価値割れ）。,,,B,,,,,,,,,,,,,,,,,,,,,,,,draft
ROE（自己資本利益率）,金融資産運用,FP3級;用語,当期純利益÷自己資本で算出する指標（株主資本の効率的活用度を示す）。,当期純利益÷自己資本で算出する指標（株主資本の効率的活用度を示す）。,,,B,,,,,,,,,,,,,,,,,,,,,,,,draft
配当利回り,金融資産運用,FP3級;用語,1株当たり配当金÷株価で算出する指標。,1株当たり配当金÷株価で算出する指標。,,,B,,,,,,,,,,,,,,,,,,,,,,,,draft
配当性向,金融資産運用,FP3級;用語,当期純利益に対する配当金の割合（利益のうち株主に還元する比率）。,当期純利益に対する配当金の割合（利益のうち株主に還元する比率）。,,,B,,,,,,,,,,,,,,,,,,,,,,,,draft
信用取引,金融資産運用,FP3級;用語,証券会社に保証金（委託保証金）を預けて、資金や株式を借りて売買する取引。,証券会社に保証金（委託保証金）を預けて、資金や株式を借りて売買する取引。,,,B,,,,,,,,,,,,,,,,,,,,,,,,draft
委託保証金,金融資産運用,FP3級;用語,信用取引で必要な保証金（最低30万円、委託保証金率30%以上）。,信用取引で必要な保証金（最低30万円、委託保証金率30%以上）。,,,B,,,,,,,,,,,,,,,,,,,,,,,,draft
空売り,金融資産運用,FP3級;用語,株式を借りて売却し、後に買い戻して返却する取引（株価下落時に利益）。,株式を借りて売却し、後に買い戻して返却する取引（株価下落時に利益）。,,,B,,,,,,,,,,,,,,,,,,,,,,,,draft
時価総額,金融資産運用,FP3級;用語,株価×発行済み株式数で算出する企業の市場における規模を示す指標。,株価×発行済み株式数で算出する企業の市場における規模を示す指標。,,,B,,,,,,,,,,,,,,,,,,,,,,,,draft
投資信託,金融資産運用,FP3級;用語,多数の投資家から集めた資金を専門家が運用する金融商品。,多数の投資家から集めた資金を専門家が運用する金融商品。,,,B,,,,,,,,,,,,,,,,,,,,,,,,draft
基準価額,金融資産運用,FP3級;用語,投資信託の1口（1万口）当たりの時価で、原則として毎営業日算出される。,投資信託の1口（1万口）当たりの時価で、原則として毎営業日算出される。,,,B,,,,,,,,,,,,,,,,,,,,,,,,draft
純資産総額（NAV）,金融資産運用,FP3級;用語,投資信託の全資産から負債を差し引いた時価総額。,投資信託の全資産から負債を差し引いた時価総額。,,,B,,,,,,,,,,,,,,,,,,,,,,,,draft
運用管理費用（信託報酬）,金融資産運用,FP3級;用語,投資信託の保有期間中に継続的にかかる運用・管理コスト（年率表示）。,投資信託の保有期間中に継続的にかかる運用・管理コスト（年率表示）。,,,B,,,,,,,,,,,,,,,,,,,,,,,,draft
購入時手数料（販売手数料）,金融資産運用,FP3級;用語,投資信託購入時にかかるコスト（ノーロードファンドは無料）。,投資信託購入時にかかるコスト（ノーロードファンドは無料）。,,,B,,,,,,,,,,,,,,,,,,,,,,,,draft
信託財産留保額,金融資産運用,FP3級;用語,投資信託解約時に運用資産から差し引かれる費用（残存投資家保護のため）。,投資信託解約時に運用資産から差し引かれる費用（残存投資家保護のため）。,,,B,,,,,,,,,,,,,,,,,,,,,,,,draft
インデックスファンド（パッシブ型）,金融資産運用,FP3級;用語,特定の株価指数等に連動することを目標とする投資信託。,特定の株価指数等に連動することを目標とする投資信託。,,,B,,,,,,,,,,,,,,,,,,,,,,,,draft
アクティブファンド,金融資産運用,FP3級;用語,ベンチマーク（指標）を上回る運用成果を目標とする投資信託。,ベンチマーク（指標）を上回る運用成果を目標とする投資信託。,,,B,,,,,,,,,,,,,,,,,,,,,,,,draft
ETF（上場投資信託）,金融資産運用,FP3級;用語,証券取引所に上場され、株式と同様にリアルタイムで売買できる投資信託。,証券取引所に上場され、株式と同様にリアルタイムで売買できる投資信託。,,,B,,,,,,,,,,,,,,,,,,,,,,,,draft
ドルコスト平均法,金融資産運用,FP3級;用語,一定額を定期的に投資することで購入単価を平均化するリスク低減手法。,一定額を定期的に投資することで購入単価を平均化するリスク低減手法。,,,B,,,,,,,,,,,,,,,,,,,,,,,,draft
分散投資,金融資産運用,FP3級;用語,資産・地域・時間等を分散して投資することでリスクを低減する手法。,資産・地域・時間等を分散して投資することでリスクを低減する手法。,,,B,,,,,,,,,,,,,,,,,,,,,,,,draft
相関係数,金融資産運用,FP3級;用語,2つの資産の価格変動の相関度を示す指標（-1〜+1で低いほど分散効果大）。,2つの資産の価格変動の相関度を示す指標（-1〜+1で低いほど分散効果大）。,,,B,,,,,,,,,,,,,,,,,,,,,,,,draft
NISA（少額投資非課税制度）,金融資産運用,FP3級;用語,一定額の投資から生じる利益・配当を非課税にする制度（2024年から新NISA）。,一定額の投資から生じる利益・配当を非課税にする制度（2024年から新NISA）。,,,B,,,,,,,,,,,,,,,,,,,,,,,,draft
つみたて投資枠（新NISA）,金融資産運用,FP3級;用語,新NISAの積立専用枠で年間120万円まで投資可能、非課税保有期間は無制限。,新NISAの積立専用枠で年間120万円まで投資可能、非課税保有期間は無制限。,,,B,,,,,,,,,,,,,,,,,,,,,,,,draft
成長投資枠（新NISA）,金融資産運用,FP3級;用語,新NISAの個別株等購入可能枠で年間240万円まで投資可能。,新NISAの個別株等購入可能枠で年間240万円まで投資可能。,,,B,,,,,,,,,,,,,,,,,,,,,,,,draft
生涯非課税限度額（新NISA）,金融資産運用,FP3級;用語,"新NISAの非課税投資枠の上限で1,800万円（うち成長投資枠は1,200万円）。","新NISAの非課税投資枠の上限で1,800万円（うち成長投資枠は1,200万円）。",,,B,,,,,,,,,,,,,,,,,,,,,,,,draft
為替レート,金融資産運用,FP3級;用語,異なる通貨間の交換比率。,異なる通貨間の交換比率。,,,B,,,,,,,,,,,,,,,,,,,,,,,,draft
円高,金融資産運用,FP3級;用語,円の対外貨価値が高くなること（例：1ドル=100円→90円）。,円の対外貨価値が高くなること（例：1ドル=100円→90円）。,,,B,,,,,,,,,,,,,,,,,,,,,,,,draft
円安,金融資産運用,FP3級;用語,円の対外貨価値が低くなること（例：1ドル=100円→110円）。,円の対外貨価値が低くなること（例：1ドル=100円→110円）。,,,B,,,,,,,,,,,,,,,,,,,,,,,,draft
TTB（対顧客電信買レート）,金融資産運用,FP3級;用語,銀行が顧客から外貨を買い取る際のレート（円転時に適用）。,銀行が顧客から外貨を買い取る際のレート（円転時に適用）。,,,B,,,,,,,,,,,,,,,,,,,,,,,,draft
TTS（対顧客電信売レート）,金融資産運用,FP3級;用語,銀行が顧客に外貨を売る際のレート（外貨購入時に適用）。,銀行が顧客に外貨を売る際のレート（外貨購入時に適用）。,,,B,,,,,,,,,,,,,,,,,,,,,,,,draft
TTM（仲値）,金融資産運用,FP3級;用語,TTS・TTBの基準となるレートで原則毎営業日の午前10時に決定。,TTS・TTBの基準となるレートで原則毎営業日の午前10時に決定。,,,B,,,,,,,,,,,,,,,,,,,,,,,,draft
先物取引,金融資産運用,FP3級;用語,将来の一定期日に一定価格で売買することをあらかじめ約束する取引。,将来の一定期日に一定価格で売買することをあらかじめ約束する取引。,,,B,,,,,,,,,,,,,,,,,,,,,,,,draft
オプション取引,金融資産運用,FP3級;用語,ある資産を将来の一定期日に一定価格で売買する権利を売買する取引。,ある資産を将来の一定期日に一定価格で売買する権利を売買する取引。,,,B,,,,,,,,,,,,,,,,,,,,,,,,draft
コール・オプション,金融資産運用,FP3級;用語,原資産を一定価格で買う権利。,原資産を一定価格で買う権利。,,,B,,,,,,,,,,,,,,,,,,,,,,,,draft
プット・オプション,金融資産運用,FP3級;用語,原資産を一定価格で売る権利。,原資産を一定価格で売る権利。,,,B,,,,,,,,,,,,,,,,,,,,,,,,draft
所得税,タックスプランニング,FP3級;用語,個人の所得に対してかかる国税で、超過累進税率が適用される。,個人の所得に対してかかる国税で、超過累進税率が適用される。,,,B,,,,,,,,,,,,,,,,,,,,,,,,draft
住民税,タックスプランニング,FP3級;用語,都道府県・市区町村が課税する地方税で、所得割と均等割から成る。,都道府県・市区町村が課税する地方税で、所得割と均等割から成る。,,,B,,,,,,,,,,,,,,,,,,,,,,,,draft
所得控除,タックスプランニング,FP3級;用語,課税所得を計算する際に所得金額から差し引くことができる控除。,課税所得を計算する際に所得金額から差し引くことができる控除。,,,B,,,,,,,,,,,,,,,,,,,,,,,,draft
税額控除,タックスプランニング,FP3級;用語,計算された税額から直接差し引くことができる控除（所得控除より節税効果大）。,計算された税額から直接差し引くことができる控除（所得控除より節税効果大）。,,,B,,,,,,,,,,,,,,,,,,,,,,,,draft
課税所得金額,タックスプランニング,FP3級;用語,総所得金額から所得控除合計額を差し引いた金額で、税額計算の基礎となる。,総所得金額から所得控除合計額を差し引いた金額で、税額計算の基礎となる。,,,B,,,,,,,,,,,,,,,,,,,,,,,,draft
超過累進税率,タックスプランニング,FP3級;用語,所得が高くなるほど高い税率が課される課税方式（段階的に適用）。,所得が高くなるほど高い税率が課される課税方式（段階的に適用）。,,,B,,,,,,,,,,,,,,,,,,,,,,,,draft
源泉徴収,タックスプランニング,FP3級;用語,給与等の支払時に支払者が税金を差し引いて税務署に納付する制度。,給与等の支払時に支払者が税金を差し引いて税務署に納付する制度。,,,B,,,,,,,,,,,,,,,,,,,,,,,,draft
年末調整,タックスプランニング,FP3級;用語,給与所得者の1年間の所得税を確定し、源泉徴収税額との過不足を精算する手続き。,給与所得者の1年間の所得税を確定し、源泉徴収税額との過不足を精算する手続き。,,,B,,,,,,,,,,,,,,,,,,,,,,,,draft
確定申告,タックスプランニング,FP3級;用語,1年間の所得・税額を計算して税務署に申告・納税する手続き。,1年間の所得・税額を計算して税務署に申告・納税する手続き。,,,B,,,,,,,,,,,,,,,,,,,,,,,,draft
給与所得,タックスプランニング,FP3級;用語,勤務先から受け取る給与・賞与等の所得（給与収入から給与所得控除を差し引いた金額）。,勤務先から受け取る給与・賞与等の所得（給与収入から給与所得控除を差し引いた金額）。,,,B,,,,,,,,,,,,,,,,,,,,,,,,draft
給与所得控除,タックスプランニング,FP3級;用語,給与収入金額に応じて設定される概算の必要経費控除（最低55万円）。,給与収入金額に応じて設定される概算の必要経費控除（最低55万円）。,,,B,,,,,,,,,,,,,,,,,,,,,,,,draft
事業所得,タックスプランニング,FP3級;用語,農業・漁業・製造業・商業・サービス業等の事業から生じる所得。,農業・漁業・製造業・商業・サービス業等の事業から生じる所得。,,,B,,,,,,,,,,,,,,,,,,,,,,,,draft
不動産所得,タックスプランニング,FP3級;用語,土地・建物・船舶等の賃貸から生じる所得。,土地・建物・船舶等の賃貸から生じる所得。,,,B,,,,,,,,,,,,,,,,,,,,,,,,draft
利子所得,タックスプランニング,FP3級;用語,預貯金・公社債等の利子から生じる所得（原則20.315%の源泉分離課税）。,預貯金・公社債等の利子から生じる所得（原則20.315%の源泉分離課税）。,,,B,,,,,,,,,,,,,,,,,,,,,,,,draft
配当所得,タックスプランニング,FP3級;用語,株式・出資の配当等から生じる所得（申告分離課税または総合課税を選択可）。,株式・出資の配当等から生じる所得（申告分離課税または総合課税を選択可）。,,,B,,,,,,,,,,,,,,,,,,,,,,,,draft
譲渡所得,タックスプランニング,FP3級;用語,資産の譲渡（売却）から生じる所得。,資産の譲渡（売却）から生じる所得。,,,B,,,,,,,,,,,,,,,,,,,,,,,,draft
退職所得,タックスプランニング,FP3級;用語,退職金・一時恩給等から生じる所得（退職所得控除後に2分の1して課税）。,退職金・一時恩給等から生じる所得（退職所得控除後に2分の1して課税）。,,,B,,,,,,,,,,,,,,,,,,,,,,,,draft
退職所得控除,タックスプランニング,FP3級;用語,退職所得計算時の控除額（勤続20年以下：40万円×勤続年数、20年超：800万円＋70万円×超過年数）。,退職所得計算時の控除額（勤続20年以下：40万円×勤続年数、20年超：800万円＋70万円×超過年数）。,,,B,,,,,,,,,,,,,,,,,,,,,,,,draft
山林所得,タックスプランニング,FP3級;用語,山林を取得後5年超経過後に伐採・譲渡した場合の所得（5分5乗方式で課税）。,山林を取得後5年超経過後に伐採・譲渡した場合の所得（5分5乗方式で課税）。,,,B,,,,,,,,,,,,,,,,,,,,,,,,draft
一時所得,タックスプランニング,FP3級;用語,継続的でない偶発的な所得（生命保険満期金・競馬の払戻金等）（特別控除50万円・2分の1課税）。,継続的でない偶発的な所得（生命保険満期金・競馬の払戻金等）（特別控除50万円・2分の1課税）。,,,B,,,,,,,,,,,,,,,,,,,,,,,,draft
雑所得,タックスプランニング,FP3級;用語,他の9種類の所得に当てはまらない所得（年金・副業収入等）。,他の9種類の所得に当てはまらない所得（年金・副業収入等）。,,,B,,,,,,,,,,,,,,,,,,,,,,,,draft
基礎控除,タックスプランニング,FP3級;用語,"合計所得金額2,500万円以下の全ての人が受けられる所得控除（原則48万円）。","合計所得金額2,500万円以下の全ての人が受けられる所得控除（原則48万円）。",,,B,,,,,,,,,,,,,,,,,,,,,,,,draft
配偶者控除,タックスプランニング,FP3級;用語,配偶者の合計所得金額が48万円以下の場合に受けられる所得控除（最大38万円）。,配偶者の合計所得金額が48万円以下の場合に受けられる所得控除（最大38万円）。,,,B,,,,,,,,,,,,,,,,,,,,,,,,draft
配偶者特別控除,タックスプランニング,FP3級;用語,配偶者の合計所得金額が48万円超133万円以下の場合に受けられる段階的な所得控除。,配偶者の合計所得金額が48万円超133万円以下の場合に受けられる段階的な所得控除。,,,B,,,,,,,,,,,,,,,,,,,,,,,,draft
扶養控除,タックスプランニング,FP3級;用語,生計を一にする扶養親族がいる場合に受けられる所得控除（一般扶養：38万円等）。,生計を一にする扶養親族がいる場合に受けられる所得控除（一般扶養：38万円等）。,,,B,,,,,,,,,,,,,,,,,,,,,,,,draft
社会保険料控除,タックスプランニング,FP3級;用語,支払った社会保険料の全額を所得から控除できる制度。,支払った社会保険料の全額を所得から控除できる制度。,,,B,,,,,,,,,,,,,,,,,,,,,,,,draft
医療費控除,タックスプランニング,FP3級;用語,一定額を超えた医療費を所得から控除できる制度（総所得金額等の5%または10万円を超えた部分）。,一定額を超えた医療費を所得から控除できる制度（総所得金額等の5%または10万円を超えた部分）。,,,B,,,,,,,,,,,,,,,,,,,,,,,,draft
セルフメディケーション税制,タックスプランニング,FP3級;用語,"一定のOTC医薬品の購入費用が年間12,000円を超えた場合に所得控除できる制度。","一定のOTC医薬品の購入費用が年間12,000円を超えた場合に所得控除できる制度。",,,B,,,,,,,,,,,,,,,,,,,,,,,,draft
寄附金控除,タックスプランニング,FP3級;用語,国・地方公共団体等への寄附金を所得から控除できる制度。,国・地方公共団体等への寄附金を所得から控除できる制度。,,,B,,,,,,,,,,,,,,,,,,,,,,,,draft
ふるさと納税,タックスプランニング,FP3級;用語,任意の地方公共団体への寄附で、返礼品を受け取りつつ一定額が税額控除される制度。,任意の地方公共団体への寄附で、返礼品を受け取りつつ一定額が税額控除される制度。,,,B,,,,,,,,,,,,,,,,,,,,,,,,draft
小規模企業共済等掛金控除,タックスプランニング,FP3級;用語,iDeCoの掛金・小規模企業共済の掛金を全額所得控除できる制度。,iDeCoの掛金・小規模企業共済の掛金を全額所得控除できる制度。,,,B,,,,,,,,,,,,,,,,,,,,,,,,draft
障害者控除,タックスプランニング,FP3級;用語,本人または扶養親族が障害者の場合に受けられる所得控除（一般障害者：27万円等）。,本人または扶養親族が障害者の場合に受けられる所得控除（一般障害者：27万円等）。,,,B,,,,,,,,,,,,,,,,,,,,,,,,draft
住宅ローン控除（住宅借入金等特別控除）,タックスプランニング,FP3級;用語,住宅ローンの年末残高の一定割合を所得税額から控除できる税額控除制度。,住宅ローンの年末残高の一定割合を所得税額から控除できる税額控除制度。,,,B,,,,,,,,,,,,,,,,,,,,,,,,draft
青色申告,タックスプランニング,FP3級;用語,一定の帳簿書類を備え正規の簿記で記録する申告方法（青色申告特別控除等が受けられる）。,一定の帳簿書類を備え正規の簿記で記録する申告方法（青色申告特別控除等が受けられる）。,,,B,,,,,,,,,,,,,,,,,,,,,,,,draft
青色申告特別控除,タックスプランニング,FP3級;用語,青色申告者が受けられる所得控除（e-Tax・複式簿記利用で最大65万円）。,青色申告者が受けられる所得控除（e-Tax・複式簿記利用で最大65万円）。,,,B,,,,,,,,,,,,,,,,,,,,,,,,draft
損益通算,タックスプランニング,FP3級;用語,特定の所得の損失を他の所得の利益と相殺できる制度。,特定の所得の損失を他の所得の利益と相殺できる制度。,,,B,,,,,,,,,,,,,,,,,,,,,,,,draft
純損失の繰越控除,タックスプランニング,FP3級;用語,青色申告者が損益通算しても残った損失を翌年以降3年間繰り越して控除できる制度。,青色申告者が損益通算しても残った損失を翌年以降3年間繰り越して控除できる制度。,,,B,,,,,,,,,,,,,,,,,,,,,,,,draft
申告分離課税,タックスプランニング,FP3級;用語,他の所得と分離して一定税率で申告・課税する方式（株式譲渡所得等：20.315%）。,他の所得と分離して一定税率で申告・課税する方式（株式譲渡所得等：20.315%）。,,,B,,,,,,,,,,,,,,,,,,,,,,,,draft
源泉分離課税,タックスプランニング,FP3級;用語,支払時に源泉徴収されることで課税関係が完結する方式。,支払時に源泉徴収されることで課税関係が完結する方式。,,,B,,,,,,,,,,,,,,,,,,,,,,,,draft
復興特別所得税,タックスプランニング,FP3級;用語,東日本大震災の復興財源として所得税額に2.1%を乗じて課税される税（2037年まで）。,東日本大震災の復興財源として所得税額に2.1%を乗じて課税される税（2037年まで）。,,,B,,,,,,,,,,,,,,,,,,,,,,,,draft
不動産登記,不動産,FP3級;用語,不動産の所在・面積・権利関係等を登記簿に記録する制度。,不動産の所在・面積・権利関係等を登記簿に記録する制度。,,,B,,,,,,,,,,,,,,,,,,,,,,,,draft
表題部,不動産,FP3級;用語,登記簿の不動産の物理的現況（所在・地番・地目・地積等）を記録する部分。,登記簿の不動産の物理的現況（所在・地番・地目・地積等）を記録する部分。,,,B,,,,,,,,,,,,,,,,,,,,,,,,draft
権利部（甲区）,不動産,FP3級;用語,登記簿の所有権に関する事項を記録する部分。,登記簿の所有権に関する事項を記録する部分。,,,B,,,,,,,,,,,,,,,,,,,,,,,,draft
権利部（乙区）,不動産,FP3級;用語,登記簿の所有権以外の権利（抵当権・地上権等）を記録する部分。,登記簿の所有権以外の権利（抵当権・地上権等）を記録する部分。,,,B,,,,,,,,,,,,,,,,,,,,,,,,draft
公示地価,不動産,FP3級;用語,国土交通省が毎年1月1日時点の標準地の1㎡当たりの価格を公示したもの（取引の目安）。,国土交通省が毎年1月1日時点の標準地の1㎡当たりの価格を公示したもの（取引の目安）。,,,B,,,,,,,,,,,,,,,,,,,,,,,,draft
基準地価,不動産,FP3級;用語,都道府県が毎年7月1日時点の標準地の価格を発表したもの。,都道府県が毎年7月1日時点の標準地の価格を発表したもの。,,,B,,,,,,,,,,,,,,,,,,,,,,,,draft
路線価,不動産,FP3級;用語,国税庁が相続税・贈与税計算のために毎年発表する道路に面した土地の1㎡当たりの価格（公示価格の約80%）。,国税庁が相続税・贈与税計算のために毎年発表する道路に面した土地の1㎡当たりの価格（公示価格の約80%）。,,,B,,,,,,,,,,,,,,,,,,,,,,,,draft
固定資産税評価額,不動産,FP3級;用語,市区町村が固定資産税課税のために評価した土地・建物の価格（公示価格の約70%）。,市区町村が固定資産税課税のために評価した土地・建物の価格（公示価格の約70%）。,,,B,,,,,,,,,,,,,,,,,,,,,,,,draft
実勢価格,不動産,FP3級;用語,実際に売買される際の市場価格。,実際に売買される際の市場価格。,,,B,,,,,,,,,,,,,,,,,,,,,,,,draft
宅地建物取引業者（宅建業者）,不動産,FP3級;用語,宅地・建物の売買・賃貸の媒介等を業として行う国土交通大臣または知事の免許業者。,宅地・建物の売買・賃貸の媒介等を業として行う国土交通大臣または知事の免許業者。,,,B,,,,,,,,,,,,,,,,,,,,,,,,draft
宅地建物取引士（宅建士）,不動産,FP3級;用語,宅地建物取引士資格試験に合格し登録した国家資格者（重要事項説明等を行う）。,宅地建物取引士資格試験に合格し登録した国家資格者（重要事項説明等を行う）。,,,B,,,,,,,,,,,,,,,,,,,,,,,,draft
重要事項説明,不動産,FP3級;用語,宅建業者が契約前に宅建士が行う物件・取引条件等の説明義務（書面交付・記名が必要）。,宅建業者が契約前に宅建士が行う物件・取引条件等の説明義務（書面交付・記名が必要）。,,,B,,,,,,,,,,,,,,,,,,,,,,,,draft
専属専任媒介契約,不動産,FP3級;用語,1社のみに依頼し、自己発見取引も禁止される媒介契約（報告義務：週1回、登録：5日以内）。,1社のみに依頼し、自己発見取引も禁止される媒介契約（報告義務：週1回、登録：5日以内）。,,,B,,,,,,,,,,,,,,,,,,,,,,,,draft
専任媒介契約,不動産,FP3級;用語,1社のみに依頼するが自己発見取引は可能な媒介契約（報告義務：2週間に1回、登録：7日以内）。,1社のみに依頼するが自己発見取引は可能な媒介契約（報告義務：2週間に1回、登録：7日以内）。,,,B,,,,,,,,,,,,,,,,,,,,,,,,draft
一般媒介契約,不動産,FP3級;用語,複数の宅建業者に依頼できる媒介契約（報告義務なし、指定流通機構への登録義務なし）。,複数の宅建業者に依頼できる媒介契約（報告義務なし、指定流通機構への登録義務なし）。,,,B,,,,,,,,,,,,,,,,,,,,,,,,draft
手付金,不動産,FP3級;用語,契約締結時に買主が売主に交付する金銭で、解約手付として機能する。,契約締結時に買主が売主に交付する金銭で、解約手付として機能する。,,,B,,,,,,,,,,,,,,,,,,,,,,,,draft
クーリングオフ（不動産）,不動産,FP3級;用語,宅建業者が売主の場合、事務所等以外の場所での契約を8日以内に無条件で解除できる制度。,宅建業者が売主の場合、事務所等以外の場所での契約を8日以内に無条件で解除できる制度。,,,B,,,,,,,,,,,,,,,,,,,,,,,,draft
契約不適合責任,不動産,FP3級;用語,売主が買主に引き渡した目的物が契約内容に適合しない場合の責任。,売主が買主に引き渡した目的物が契約内容に適合しない場合の責任。,,,B,,,,,,,,,,,,,,,,,,,,,,,,draft
都市計画法,不動産,FP3級;用語,計画的な都市の整備を目的とした法律（都市計画区域・用途地域等を定める）。,計画的な都市の整備を目的とした法律（都市計画区域・用途地域等を定める）。,,,B,,,,,,,,,,,,,,,,,,,,,,,,draft
市街化区域,不動産,FP3級;用語,すでに市街地を形成している区域または10年以内に優先的に市街化すべき区域。,すでに市街地を形成している区域または10年以内に優先的に市街化すべき区域。,,,B,,,,,,,,,,,,,,,,,,,,,,,,draft
市街化調整区域,不動産,FP3級;用語,市街化を抑制すべき区域（原則として建物を建てられない）。,市街化を抑制すべき区域（原則として建物を建てられない）。,,,B,,,,,,,,,,,,,,,,,,,,,,,,draft
用途地域,不動産,FP3級;用語,土地利用の目的別に定められた地域で、建てられる建物の種類や規模が制限される。,土地利用の目的別に定められた地域で、建てられる建物の種類や規模が制限される。,,,B,,,,,,,,,,,,,,,,,,,,,,,,draft
建蔽率,不動産,FP3級;用語,敷地面積に対する建築面積の割合（建物の1階部分が敷地を占める割合）。,敷地面積に対する建築面積の割合（建物の1階部分が敷地を占める割合）。,,,B,,,,,,,,,,,,,,,,,,,,,,,,draft
容積率,不動産,FP3級;用語,敷地面積に対する延べ床面積（各階の合計）の割合。,敷地面積に対する延べ床面積（各階の合計）の割合。,,,B,,,,,,,,,,,,,,,,,,,,,,,,draft
建築基準法,不動産,FP3級;用語,建築物の安全性・衛生環境等を確保するための法律（用途制限・形態規制等）。,建築物の安全性・衛生環境等を確保するための法律（用途制限・形態規制等）。,,,B,,,,,,,,,,,,,,,,,,,,,,,,draft
接道義務,不動産,FP3級;用語,建築物の敷地は幅員4m以上の道路に2m以上接しなければならない規定。,建築物の敷地は幅員4m以上の道路に2m以上接しなければならない規定。,,,B,,,,,,,,,,,,,,,,,,,,,,,,draft
セットバック,不動産,FP3級;用語,幅員4m未満の道路（2項道路）に面する場合に道路中心線から2m後退して建築する義務。,幅員4m未満の道路（2項道路）に面する場合に道路中心線から2m後退して建築する義務。,,,B,,,,,,,,,,,,,,,,,,,,,,,,draft
不動産取得税,不動産,FP3級;用語,不動産を取得した際に都道府県が課税する税（固定資産税評価額×3%、住宅等は軽減措置あり）。,不動産を取得した際に都道府県が課税する税（固定資産税評価額×3%、住宅等は軽減措置あり）。,,,B,,,,,,,,,,,,,,,,,,,,,,,,draft
固定資産税,不動産,FP3級;用語,毎年1月1日現在の不動産所有者に市区町村が課税する税（評価額×1.4%が標準税率）。,毎年1月1日現在の不動産所有者に市区町村が課税する税（評価額×1.4%が標準税率）。,,,B,,,,,,,,,,,,,,,,,,,,,,,,draft
都市計画税,不動産,FP3級;用語,市街化区域内の不動産に課税される税（評価額×0.3%が上限）。,市街化区域内の不動産に課税される税（評価額×0.3%が上限）。,,,B,,,,,,,,,,,,,,,,,,,,,,,,draft
印紙税,不動産,FP3級;用語,売買契約書等の文書を作成した際に課税される国税。,売買契約書等の文書を作成した際に課税される国税。,,,B,,,,,,,,,,,,,,,,,,,,,,,,draft
登録免許税,不動産,FP3級;用語,不動産の所有権移転登記・抵当権設定登記等に課税される国税。,不動産の所有権移転登記・抵当権設定登記等に課税される国税。,,,B,,,,,,,,,,,,,,,,,,,,,,,,draft
"3,000万円特別控除（不動産）",不動産,FP3級;用語,"マイホームを売却した際に譲渡所得から最大3,000万円を控除できる特例。","マイホームを売却した際に譲渡所得から最大3,000万円を控除できる特例。",,,B,,,,,,,,,,,,,,,,,,,,,,,,draft
相続,相続・事業承継,FP3級;用語,人が死亡した際に財産（プラス・マイナス）が一定の親族等に引き継がれること。,人が死亡した際に財産（プラス・マイナス）が一定の親族等に引き継がれること。,,,B,,,,,,,,,,,,,,,,,,,,,,,,draft
被相続人,相続・事業承継,FP3級;用語,死亡して財産を遺した人。,死亡して財産を遺した人。,,,B,,,,,,,,,,,,,,,,,,,,,,,,draft
相続人,相続・事業承継,FP3級;用語,財産を相続する人で、民法が定める法定相続人が基本となる。,財産を相続する人で、民法が定める法定相続人が基本となる。,,,B,,,,,,,,,,,,,,,,,,,,,,,,draft
法定相続人,相続・事業承継,FP3級;用語,民法が定める相続人（配偶者は常に相続人、子→直系尊属→兄弟姉妹の順に第1〜3順位）。,民法が定める相続人（配偶者は常に相続人、子→直系尊属→兄弟姉妹の順に第1〜3順位）。,,,B,,,,,,,,,,,,,,,,,,,,,,,,draft
法定相続分,相続・事業承継,FP3級;用語,民法が定める各相続人の相続割合（例：配偶者と子1人の場合は各1/2）。,民法が定める各相続人の相続割合（例：配偶者と子1人の場合は各1/2）。,,,B,,,,,,,,,,,,,,,,,,,,,,,,draft
代襲相続,相続・事業承継,FP3級;用語,相続人となるべき子・兄弟姉妹が相続開始前に死亡等している場合に、その子が代わって相続すること。,相続人となるべき子・兄弟姉妹が相続開始前に死亡等している場合に、その子が代わって相続すること。,,,B,,,,,,,,,,,,,,,,,,,,,,,,draft
相続放棄,相続・事業承継,FP3級;用語,相続権を放棄すること（相続開始を知ってから3か月以内に家庭裁判所に申述）。,相続権を放棄すること（相続開始を知ってから3か月以内に家庭裁判所に申述）。,,,B,,,,,,,,,,,,,,,,,,,,,,,,draft
限定承認,相続・事業承継,FP3級;用語,相続した財産の範囲内でのみ被相続人の債務を承継する申述。,相続した財産の範囲内でのみ被相続人の債務を承継する申述。,,,B,,,,,,,,,,,,,,,,,,,,,,,,draft
単純承認,相続・事業承継,FP3級;用語,プラスの財産もマイナスの財産も全て承継する相続の原則的形態。,プラスの財産もマイナスの財産も全て承継する相続の原則的形態。,,,B,,,,,,,,,,,,,,,,,,,,,,,,draft
遺産分割協議,相続・事業承継,FP3級;用語,相続人全員で相続財産の分け方を話し合うこと（全員の合意が必要）。,相続人全員で相続財産の分け方を話し合うこと（全員の合意が必要）。,,,B,,,,,,,,,,,,,,,,,,,,,,,,draft
遺言,相続・事業承継,FP3級;用語,被相続人が生前に財産の処分等について意思表示した書面（15歳以上が作成可能）。,被相続人が生前に財産の処分等について意思表示した書面（15歳以上が作成可能）。,,,B,,,,,,,,,,,,,,,,,,,,,,,,draft
自筆証書遺言,相続・事業承継,FP3級;用語,遺言者が全文・日付・氏名を自書し捺印する遺言（法務局での保管制度あり）。,遺言者が全文・日付・氏名を自書し捺印する遺言（法務局での保管制度あり）。,,,B,,,,,,,,,,,,,,,,,,,,,,,,draft
公正証書遺言,相続・事業承継,FP3級;用語,公証役場で公証人が作成する遺言（証人2人必要、家庭裁判所の検認不要）。,公証役場で公証人が作成する遺言（証人2人必要、家庭裁判所の検認不要）。,,,B,,,,,,,,,,,,,,,,,,,,,,,,draft
秘密証書遺言,相続・事業承継,FP3級;用語,遺言内容を秘密にしながら遺言の存在を公証する遺言（証人2人必要、家庭裁判所の検認必要）。,遺言内容を秘密にしながら遺言の存在を公証する遺言（証人2人必要、家庭裁判所の検認必要）。,,,B,,,,,,,,,,,,,,,,,,,,,,,,draft
遺言執行者,相続・事業承継,FP3級;用語,遺言の内容を実現するための手続きを行う人（遺言で指定または家庭裁判所が選任）。,遺言の内容を実現するための手続きを行う人（遺言で指定または家庭裁判所が選任）。,,,B,,,,,,,,,,,,,,,,,,,,,,,,draft
遺留分,相続・事業承継,FP3級;用語,一定の相続人（配偶者・子・直系尊属）に民法が保障する最低限の相続割合。,一定の相続人（配偶者・子・直系尊属）に民法が保障する最低限の相続割合。,,,B,,,,,,,,,,,,,,,,,,,,,,,,draft
遺留分侵害額請求,相続・事業承継,FP3級;用語,遺贈等によって遺留分が侵害された場合に金銭での支払いを請求できる権利。,遺贈等によって遺留分が侵害された場合に金銭での支払いを請求できる権利。,,,B,,,,,,,,,,,,,,,,,,,,,,,,draft
相続税,相続・事業承継,FP3級;用語,相続・遺贈により取得した財産に対して課税される国税。,相続・遺贈により取得した財産に対して課税される国税。,,,B,,,,,,,,,,,,,,,,,,,,,,,,draft
基礎控除（相続税）,相続・事業承継,FP3級;用語,"相続税計算時の基礎控除額（3,000万円＋600万円×法定相続人数）。","相続税計算時の基礎控除額（3,000万円＋600万円×法定相続人数）。",,,B,,,,,,,,,,,,,,,,,,,,,,,,draft
みなし相続財産,相続・事業承継,FP3級;用語,民法上の相続財産ではないが相続税の課税対象となる財産（死亡保険金・死亡退職金等）。,民法上の相続財産ではないが相続税の課税対象となる財産（死亡保険金・死亡退職金等）。,,,B,,,,,,,,,,,,,,,,,,,,,,,,draft
死亡保険金の非課税限度額,相続・事業承継,FP3級;用語,相続税における死亡保険金の非課税枠（500万円×法定相続人数）。,相続税における死亡保険金の非課税枠（500万円×法定相続人数）。,,,B,,,,,,,,,,,,,,,,,,,,,,,,draft
死亡退職金の非課税限度額,相続・事業承継,FP3級;用語,相続税における死亡退職金の非課税枠（500万円×法定相続人数）。,相続税における死亡退職金の非課税枠（500万円×法定相続人数）。,,,B,,,,,,,,,,,,,,,,,,,,,,,,draft
小規模宅地等の特例,相続・事業承継,FP3級;用語,一定の要件を満たす被相続人の自宅・事業用地等の相続税評価額を最大80%減額できる特例。,一定の要件を満たす被相続人の自宅・事業用地等の相続税評価額を最大80%減額できる特例。,,,B,,,,,,,,,,,,,,,,,,,,,,,,draft
配偶者の税額軽減,相続・事業承継,FP3級;用語,"配偶者が相続した財産について1億6,000万円または法定相続分まで相続税を非課税にする制度。","配偶者が相続した財産について1億6,000万円または法定相続分まで相続税を非課税にする制度。",,,B,,,,,,,,,,,,,,,,,,,,,,,,draft
相続税の申告期限,相続・事業承継,FP3級;用語,相続の開始を知った日の翌日から10か月以内。,相続の開始を知った日の翌日から10か月以内。,,,B,,,,,,,,,,,,,,,,,,,,,,,,draft
贈与税,相続・事業承継,FP3級;用語,個人からの贈与により取得した財産に課税される国税（相続税の補完的な役割）。,個人からの贈与により取得した財産に課税される国税（相続税の補完的な役割）。,,,B,,,,,,,,,,,,,,,,,,,,,,,,draft
暦年課税（贈与税）,相続・事業承継,FP3級;用語,毎年1月1日〜12月31日の1年間の贈与額に基礎控除110万円を差し引いて課税する方式。,毎年1月1日〜12月31日の1年間の贈与額に基礎控除110万円を差し引いて課税する方式。,,,B,,,,,,,,,,,,,,,,,,,,,,,,draft
基礎控除（贈与税）,相続・事業承継,FP3級;用語,暦年課税における年間110万円の基礎控除。,暦年課税における年間110万円の基礎控除。,,,B,,,,,,,,,,,,,,,,,,,,,,,,draft
相続時精算課税制度,相続・事業承継,FP3級;用語,"60歳以上の父母・祖父母から18歳以上の子・孫への贈与に累積2,500万円まで非課税（相続時に精算）。","60歳以上の父母・祖父母から18歳以上の子・孫への贈与に累積2,500万円まで非課税（相続時に精算）。",,,B,,,,,,,,,,,,,,,,,,,,,,,,draft
教育資金の一括贈与の非課税特例,相続・事業承継,FP3級;用語,"祖父母等から30歳未満の子・孫への教育資金として1,500万円まで非課税で贈与できる特例。","祖父母等から30歳未満の子・孫への教育資金として1,500万円まで非課税で贈与できる特例。",,,B,,,,,,,,,,,,,,,,,,,,,,,,draft
結婚・子育て資金の一括贈与の非課税特例,相続・事業承継,FP3級;用語,"祖父母等から18〜50歳未満の子・孫への資金として1,000万円まで非課税で贈与できる特例。","祖父母等から18〜50歳未満の子・孫への資金として1,000万円まで非課税で贈与できる特例。",,,B,,,,,,,,,,,,,,,,,,,,,,,,draft
贈与税の配偶者控除,相続・事業承継,FP3級;用語,"婚姻20年以上の配偶者への居住用不動産またはその取得資金の贈与について2,000万円まで控除できる特例。","婚姻20年以上の配偶者への居住用不動産またはその取得資金の贈与について2,000万円まで控除できる特例。",,,B,,,,,,,,,,,,,,,,,,,,,,,,draft
贈与税の申告期限,相続・事業承継,FP3級;用語,贈与を受けた年の翌年2月1日〜3月15日。,贈与を受けた年の翌年2月1日〜3月15日。,,,B,,,,,,,,,,,,,,,,,,,,,,,,draft
路線価方式（相続）,相続・事業承継,FP3級;用語,路線価に地積を乗じて宅地を評価する方法（路線価×各種補正率×地積）。,路線価に地積を乗じて宅地を評価する方法（路線価×各種補正率×地積）。,,,B,,,,,,,,,,,,,,,,,,,,,,,,draft
倍率方式（相続）,相続・事業承継,FP3級;用語,固定資産税評価額に一定の倍率を乗じて宅地を評価する方法。,固定資産税評価額に一定の倍率を乗じて宅地を評価する方法。,,,B,,,,,,,,,,,,,,,,,,,,,,,,draft
借地権,相続・事業承継,FP3級;用語,建物所有を目的として他人の土地を使用する権利（評価は自用地価額×借地権割合）。,建物所有を目的として他人の土地を使用する権利（評価は自用地価額×借地権割合）。,,,B,,,,,,,,,,,,,,,,,,,,,,,,draft
貸宅地（底地）,相続・事業承継,FP3級;用語,借地権が設定された土地（評価は自用地価額×（1－借地権割合））。,借地権が設定された土地（評価は自用地価額×（1－借地権割合））。,,,B,,,,,,,,,,,,,,,,,,,,,,,,draft
貸家建付地,相続・事業承継,FP3級;用語,賃貸用建物が建っている土地（自用地価額×(1-借地権割合×借家権割合×賃貸割合)で評価）。,賃貸用建物が建っている土地（自用地価額×(1-借地権割合×借家権割合×賃貸割合)で評価）。,,,B,,,,,,,,,,,,,,,,,,,,,,,,draft
上場株式の相続税評価,相続・事業承継,FP3級;用語,課税時期の終値・課税時期の月平均・前月平均・前々月平均のうち最も低い額で評価。,課税時期の終値・課税時期の月平均・前月平均・前々月平均のうち最も低い額で評価。,,,B,,,,,,,,,,,,,,,,,,,,,,,,draft
