exam_year,exam_wareki,question_no,type,category,tags,stem,preamble,statement_a,statement_b,statement_c,statement_d,choice_1,choice_2,choice_3,choice_4,correct,is_exempt,is_invalidated,note,explanation,explanation_summary,explanation_correct,explanation_choices,explanation_point,related_links,diagram_id
2024,令和6年度（学科・三答択）,1,single,ライフプランニングと資金計画,FP3級;学科;三答択,"一定の利率で複利運用しながら一定期間経過後に目標とする額を得るために必要な毎
年の積立額を試算する際、目標とする額に乗じる係数は、 （   ）である。",,,,,,現価係数,資本回収係数,減債基金係数,,3,FALSE,FALSE,,正解は3です。一定期間後の目標額を作るために毎年いくら積み立てればよいかを求める場合は、減債基金係数を使います。目標額に減債基金係数を乗じることで、必要な毎年の積立額を試算できます。,,,,,,
2024,令和6年度（学科・三答択）,2,single,ライフプランニングと資金計画,FP3級;学科;三答択,"全国健康保険協会管掌健康保険の傷病手当金の支給期間は、同一の傷病に関して、そ
の支給開始日から通算して最長で（   ）である。",,,,,,１年,１年６カ月,２年,,2,FALSE,FALSE,,正解は2です。健康保険の傷病手当金の支給期間は、同一の傷病について、支給開始日から通算して最長1年6カ月です。現在は暦の期間ではなく、支給された期間を通算する扱いです。,,,,,,
2024,令和6年度（学科・三答択）,3,single,ライフプランニングと資金計画,FP3級;学科;三答択,"60歳０カ月で老齢基礎年金の繰上げ支給の請求をし、支給開始を60カ月繰り上げた場
合、老齢基礎年金の減額率は（   ）となる。",,,,,,24％,42％,60％,,1,FALSE,FALSE,,正解は1です。老齢基礎年金の繰上げ受給による減額率は、1カ月当たり0.4％です。60カ月繰り上げると、0.4％×60カ月＝24％の減額となります。,,,,,,
2024,令和6年度（学科・三答択）,4,single,ライフプランニングと資金計画,FP3級;学科;三答択,"遺族基礎年金を受給することができる遺族の範囲は、国民年金の被保険者等の死亡の
当時、 その者によって生計を維持され、 かつ、 所定の要件を満たす （   ） とされる。",,,,,,子のある配偶者、子,子のある妻、子,子のある配偶者、子、父母,,1,FALSE,FALSE,,正解は1です。遺族基礎年金を受給できる遺族は、死亡した人に生計を維持されていた子のある配偶者、または子です。父母や祖父母は遺族基礎年金の受給対象ではありません。,,,,,,
2024,令和6年度（学科・三答択）,5,single,ライフプランニングと資金計画,FP3級;学科;三答択,"住宅ローンの元利均等返済方式と元金均等返済方式を比較した場合、 借入額、 金利、借
入期間等の条件が同一であれば、通常、総返済額は（   ）。",,,,,,元利均等返済方式のほうが多くなる,元金均等返済方式のほうが多くなる,同じである,,1,FALSE,FALSE,,正解は1です。元利均等返済は毎回の返済額が一定ですが、返済当初は利息部分が多く、元金の減り方が遅くなります。そのため、同じ借入額・金利・期間なら、通常、総返済額は元金均等返済より元利均等返済の方が多くなります。,,,,,,
2024,令和6年度（学科・三答択）,6,single,リスク管理,FP3級;学科;三答択,"国内で事業を行う生命保険会社が破綻した場合、生命保険契約者保護機構による補償
の対象となる保険契約については、高予定利率契約を除き、破綻時の（   ）の90％
まで補償される。",,,,,,解約返戻金相当額,責任準備金等,既払込保険料相当額,,2,FALSE,FALSE,,正解は2です。生命保険会社が破綻した場合、生命保険契約者保護機構により、高予定利率契約を除き、破綻時の責任準備金等の90％までが補償されます。保険金額や既払込保険料の90％ではありません。,,,,,,
2024,令和6年度（学科・三答択）,7,single,リスク管理,FP3級;学科;三答択,"生命保険の保険料は、 （ ① ） および収支相等の原則に基づき、 予定死亡率、 （ ② ）、予
定事業費率の３つの予定基礎率を用いて計算される。",,,,,,① 大数の法則    ② 予定利率,① 適合性の原則   ② 予定利率,① 大数の法則    ② 予定損害率,,1,FALSE,FALSE,,正解は1です。生命保険料は、大数の法則および収支相等の原則に基づき、予定死亡率、予定利率、予定事業費率の3つの予定基礎率を用いて計算されます。,,,,,,
2024,令和6年度（学科・三答択）,8,single,リスク管理,FP3級;学科;三答択,"地震保険の保険金額は、火災保険の保険金額の30％から50％までの範囲内で設定する
が、居住用建物については（ ① ） 、生活用動産（家財）については（ ② ）が上限
となる。",,,,,,"① 1,000万円   ②  200万円","① 3,000万円   ②  500万円","① 5,000万円   ② 1,000万円",,3,FALSE,FALSE,,"正解は3です。地震保険の保険金額は、主契約である火災保険の保険金額の30％から50％の範囲内で設定します。ただし、居住用建物は5,000万円、家財は1,000万円が上限です。",,,,,,
2024,令和6年度（学科・三答択）,9,single,リスク管理,FP3級;学科;三答択,"がん保険では、 一般に、 （   ） 程度の免責期間が設けられており、 この期間中に
がんと診断確定されたとしても、がん診断給付金は支払われない。",,,,,,30日間,60日間,90日間,,3,FALSE,FALSE,,正解は3です。がん保険では、一般に契約から90日程度の免責期間が設けられています。この期間中にがんと診断確定された場合、がん診断給付金は支払われません。,,,,,,
2024,令和6年度（学科・三答択）,10,single,リスク管理,FP3級;学科;三答択,"生命保険契約において、 契約者 （＝保険料負担者） および死亡保険金受取人がＡさん、
被保険者がＡさんの父親である場合、Ａさんの父親の死亡によりＡさんが受け取る死亡
保険金は、 （   ）の課税対象となる。",,,,,,贈与税,相続税,所得税,,3,FALSE,FALSE,,正解は3です。契約者・保険料負担者と死亡保険金受取人がAさんで、被保険者がAさんの父親の場合、Aさんが受け取る死亡保険金は所得税・住民税の課税対象です。保険料負担者と受取人が同一だからです。,,,,,,
2024,令和6年度（学科・三答択）,11,single,金融資産運用,FP3級;学科;三答択,"株式投資信託の運用において、企業の売上高や利益の伸び率が市場平均よりも高いな
ど、企業の成長性に着目して選定した銘柄に投資する手法を、 （   ）という。",,,,,,グロース運用,バリュー運用,トップダウン・アプローチ,,1,FALSE,FALSE,,正解は1です。企業の売上高や利益の伸び率など成長性に着目して銘柄を選ぶ運用手法はグロース運用です。割安性に着目するのはバリュー運用、経済や業種など大きな視点から配分を決めるのはトップダウン・アプローチです。,,,,,,
2024,令和6年度（学科・三答択）,12,single,金融資産運用,FP3級;学科;三答択,株式の投資指標のうち、 （   ）は、株価を１株当たり純資産で除して算出される。,,,,,,PBR,PER,ROE,,1,FALSE,FALSE,,正解は1です。PBRは株価純資産倍率で、株価÷1株当たり純資産で求めます。PERは株価÷1株当たり純利益、ROEは自己資本利益率です。,,,,,,
2024,令和6年度（学科・三答択）,13,single,金融資産運用,FP3級;学科;三答択,"Ａ資産の期待収益率が2.0％、 Ｂ資産の期待収益率が5.0％の場合に、Ａ資産を40％、Ｂ
資産を60％の割合で組み入れたポートフォリオの期待収益率は、 （   ）である。",,,,,,3.5％,3.8％,7.0％,,2,FALSE,FALSE,,正解は2です。ポートフォリオの期待収益率は、各資産の期待収益率を組入比率で加重平均して求めます。A資産2.0％×40％＋B資産5.0％×60％＝0.8％＋3.0％＝3.8％です。,,,,,,
2024,令和6年度（学科・三答択）,14,single,金融資産運用,FP3級;学科;三答択,"2024年中にNISAの「成長投資枠」を利用して上場株式を購入することができる限度額
（年間投資枠）は、年間（   ）である。",,,,,,102万円,120万円,240万円,,3,FALSE,FALSE,,正解は3です。2024年からの新しいNISAでは、成長投資枠の年間投資枠は240万円です。つみたて投資枠は年間120万円で、両方を合わせると年間360万円まで投資できます。,,,,,,
2024,令和6年度（学科・三答択）,15,single,金融資産運用,FP3級;学科;三答択,"預金保険制度の対象金融機関に預け入れた（   ）は、預入金額の多寡にかかわら
ず、その全額が預金保険制度による保護の対象となる。",,,,,,定期積金,決済用預金,定期預金,,2,FALSE,FALSE,,"正解は2です。決済用預金は、無利息、要求払い、決済サービス提供という3要件を満たす預金で、預金保険制度により全額保護されます。定期預金や定期積金などの一般預金等は、元本1,000万円までとその利息等が保護対象です。",,,,,,
2024,令和6年度（学科・三答択）,16,single,タックスプランニング,FP3級;学科;三答択,"所得税において、 国債や地方債などの特定公社債の利子は、 原則として、 （ ① ）課
税の対象となるが、確定申告不要制度を選択すること（ ② ）。",,,,,,① 総合     ② ができる,① 源泉分離   ② はできない,① 申告分離   ② ができる,,3,FALSE,FALSE,,正解は3です。国債や地方債などの特定公社債の利子は、原則として申告分離課税の対象です。ただし、確定申告不要制度を選択することもできます。,,,,,,
2024,令和6年度（学科・三答択）,17,single,タックスプランニング,FP3級;学科;三答択,所得税において、 （   ）は、所得控除に該当する。,,,,,,配当控除,雑損控除,住宅借入金等特別控除,,2,FALSE,FALSE,,正解は2です。雑損控除は所得控除です。配当控除や住宅借入金等特別控除は、所得金額から差し引く所得控除ではなく、算出税額から差し引く税額控除です。,,,,,,
2024,令和6年度（学科・三答択）,18,single,タックスプランニング,FP3級;学科;三答択,"納税者が2012年１月１日以後に締結した生命保険契約により、一般の生命保険料控除
の対象となる保険料、個人年金保険料控除の対象となる保険料および介護医療保険料控
除の対象となる保険料をそれぞれ年間10万円支払った場合、所得税において、支払った
年分の生命保険料控除の控除額は、 （   ）となる。",,,,,,12万円,15万円,30万円,,1,FALSE,FALSE,,正解は1です。2012年1月1日以後の新契約では、一般生命保険料控除、個人年金保険料控除、介護医療保険料控除は、それぞれ所得税で最高4万円です。3区分すべてで最高額となる場合、合計の控除額は12万円です。,,,,,,
2024,令和6年度（学科・三答択）,19,single,タックスプランニング,FP3級;学科;三答択,"住宅ローンを利用してマンションを取得し、新たに所得税における住宅借入金等特別
控除の適用を受ける場合、 住宅借入金の償還期間は （   ） 以上でなければならない。",,,,,,10年,13年,15年,,1,FALSE,FALSE,,正解は1です。住宅借入金等特別控除の適用を受けるためには、住宅ローンの償還期間が原則として10年以上である必要があります。短期のローンは対象になりません。,,,,,,
2024,令和6年度（学科・三答択）,20,single,タックスプランニング,FP3級;学科;三答択,"年末調整の対象となる給与所得者のうち、 （   ） は、 所得税の確定申告をする必要
がある。",,,,,,"給与の年間収入金額が1,000万円を超える者",初めて住宅借入金等特別控除の適用を受けようとする者,生命保険料控除の適用を受けようとする者,,2,FALSE,FALSE,,正解は2です。住宅借入金等特別控除を初めて受ける年は、給与所得者で年末調整の対象であっても確定申告が必要です。2年目以降は、勤務先の年末調整で控除を受けられる場合があります。,,,,,,
2024,令和6年度（学科・三答択）,21,single,不動産,FP3級;学科;三答択,"宅地建物取引業法上の媒介契約のうち、 （ ① ） では、 依頼者は他の宅地建物取引業
者に重ねて媒介の依頼をすることができるが、 （ ② ） では、 依頼者は他の宅地建物取
引業者に重ねて媒介の依頼をすることが禁じられている。",,,,,,① 一般媒介契約   ② 専任媒介契約,① 専任媒介契約   ② 一般媒介契約,① 専任媒介契約   ② 専属専任媒介契約,,1,FALSE,FALSE,,正解は1です。一般媒介契約では、依頼者は複数の宅建業者に重ねて媒介を依頼できます。専任媒介契約では、他の宅建業者に重ねて媒介を依頼することはできません。,,,,,,
2024,令和6年度（学科・三答択）,22,single,不動産,FP3級;学科;三答択,"建築基準法によれば、 都市計画区域および準都市計画区域内にある建築物の敷地は、原
則として、幅員（ ① ）以上の道路に（ ② ）以上接していなければならない。",,,,,,① ２ｍ   ② ４ｍ,① ４ｍ   ② ２ｍ,① ６ｍ   ② ３ｍ,,2,FALSE,FALSE,,正解は2です。建築基準法の接道義務では、都市計画区域および準都市計画区域内の建築物の敷地は、原則として幅員4m以上の道路に2m以上接していなければなりません。,,,,,,
2024,令和6年度（学科・三答択）,23,single,不動産,FP3級;学科;三答択,"建物の区分所有等に関する法律（区分所有法）によれば、区分所有者および議決権の
各（   ）以上の多数による集会の決議により、規約の変更をすることができる。",,,,,,３分の２,４分の３,５分の４,,2,FALSE,FALSE,,正解は2です。区分所有法では、規約の設定・変更・廃止は、原則として区分所有者および議決権の各4分の3以上の多数による集会の決議が必要です。,,,,,,
2024,令和6年度（学科・三答択）,24,single,不動産,FP3級;学科;三答択,"個人が土地を譲渡した場合の所得税額の計算において、当該譲渡に係る所得が長期譲
渡所得に区分されるためには、 土地を譲渡した年の１月１日において所有期間が （   ）
を超えていなければならない。",,,,,,５年,10年,15年,,1,FALSE,FALSE,,正解は1です。土地や建物の譲渡所得が長期譲渡所得となるには、譲渡した年の1月1日において所有期間が5年を超えている必要があります。譲渡日現在で5年超ではない点に注意します。,,,,,,
2024,令和6年度（学科・三答択）,25,single,不動産,FP3級;学科;三答択,"自己が居住していた家屋を譲渡する場合、その家屋に自己が居住しなくなった日から
（ ① ）を経過する日の属する年の（ ② ）までの間に譲渡しなければ、 「居住用財
産を譲渡した場合の3,000万円の特別控除」の適用を受けることができない。",,,,,,① １年   ② 12月31日,① ３年   ② ３月15日,① ３年   ② 12月31日,,3,FALSE,FALSE,,"正解は3です。居住用財産の3,000万円特別控除は、住まなくなった日から3年を経過する日の属する年の12月31日までに譲渡することなどが要件です。",,,,,,
2024,令和6年度（学科・三答択）,26,single,相続・事業承継,FP3級;学科;三答択,"父母のそれぞれから同一年中に暦年課税による贈与を受けた場合、 贈与税額の計算上、
贈与税の課税価格から基礎控除額として最高で（   ）を控除することができる。",,,,,,80万円,110万円,220万円,,2,FALSE,FALSE,,正解は2です。暦年課税の基礎控除額は、受贈者ごとに年間110万円です。父母それぞれから贈与を受けても、贈与者ごとに110万円ではなく、受贈者単位で年間110万円です。,,,,,,
2024,令和6年度（学科・三答択）,27,single,相続・事業承継,FP3級;学科;三答択,"下記の 〈親族関係図〉 において、 Ａさんの相続における子Ｃさんの法定相続分は、 （   ）
である。なお、ＡさんとＢさんは、Ａさんの相続開始前に離婚している。

〈親族関係図〉
父Ｅさん      母Ｆさん

元夫Ｂさん

子Ｃさん      子Ｄさん",,,,,,２分の１,３分の１,４分の１,,1,FALSE,FALSE,,正解は1です。AさんとBさんは相続開始前に離婚しているため、元夫Bさんは相続人ではありません。子Cさんと子Dさんが相続人となり、法定相続分は2人で等分するため、子Cさんは1/2です。,,,,,,
2024,令和6年度（学科・三答択）,28,single,相続・事業承継,FP3級;学科;三答択,"死亡したＡさんが所有していた上場株式Ｘを相続により取得した場合の１株当たりの
相続税評価額は、下記の〈資料〉によれば、 （   ）である。

〈資料〉上場株式Ｘの価格
Ａさんが死亡した月の前々月の毎日の最終価格の月平均額 ： 540円
Ａさんが死亡した月の前月の毎日の最終価格の月平均額  ： 600円
Ａさんが死亡した月の毎日の最終価格の月平均額     ： 620円
Ａさんが死亡した日の最終価格             ： 600円",,,,,,540円,600円,620円,,1,FALSE,FALSE,,正解は1です。上場株式の相続税評価額は、相続開始日の最終価格、相続開始月・前月・前々月の各月平均額のうち最も低い価額で評価します。資料では540円が最も低いため、評価額は540円です。,,,,,,
2024,令和6年度（学科・三答択）,29,single,相続・事業承継,FP3級;学科;三答択,"貸家建付地の相続税評価額は、その自用地としての価額が１億5,000万円、借地権割合
が60％、借家権割合が30％、賃貸割合が100％である場合、 （   ）となる。",,,,,,"6,000万円","9,000万円","１億2,300万円",,3,FALSE,FALSE,,"正解は3です。貸家建付地の評価額は、自用地価額×(1－借地権割合×借家権割合×賃貸割合)で求めます。1億5,000万円×(1－60％×30％×100％)＝1億5,000万円×82％＝1億2,300万円です。",,,,,,
2024,令和6年度（学科・三答択）,30,single,相続・事業承継,FP3級;学科;三答択,"相続人が相続により取得した宅地が「小規模宅地等についての相続税の課税価格の計
算の特例」における特定居住用宅地等に該当する場合、その宅地のうち（ ① ）まで
を限度面積として、評価額の（ ② ）相当額を減額した金額を、相続税の課税価格に
算入すべき価額とすることができる。",,,,,,① 200㎡   ② 50％,① 330㎡   ② 80％,① 400㎡   ② 80％,,2,FALSE,FALSE,,正解は2です。小規模宅地等の特例における特定居住用宅地等は、330m2までの部分について評価額の80％を減額できます。特定事業用宅地等の400m2・80％減額、貸付事業用宅地等の200m2・50％減額と区別します。,,,,,,
2024,令和6年度（実技）,31,single,ライフプランニングと資金計画,FP3級;実技;三答択,"ファイナンシャル・プランニング業務を行うに当たっては、関連業法等を順守することが重要である。
ファイナンシャル・プランナー（以下「ＦＰ」という）の行為に関する次の記述のうち、最も不適切な
ものはどれか。なお、記載のない資格の登録等については考慮しないこととする。",,,,,,"投資助言・代理業の登録を受けていないＦＰが、顧客と投資顧問契約を締結し、当該契約に基づい
て特定の上場株式の投資判断について有償で助言をした。","税理士の登録を受けていないＦＰが、有料のセミナーにおいて、仮定の事例に基づき、一般的な税
法の解説を行った。","生命保険募集人・保険仲立人の登録を受けていないＦＰが、変額年金保険の一般的な商品内容につ
いて説明を行った。",,1,FALSE,FALSE,,正解は1です。FPが顧客と投資顧問契約を締結し、特定の上場株式について有償で投資判断の助言をするには、投資助言・代理業の登録が必要です。2は仮定の事例に基づく一般的な税法解説であり、個別具体的な税務代理や税額計算とは異なります。3も変額年金保険の一般的な商品説明にとどまるため、保険募集とは区別されます。,,,,,,
2024,令和6年度（実技）,32,single,ライフプランニングと資金計画,FP3級;実技;三答択,"下記は、東条家のキャッシュフロー表（一部抜粋）である。このキャッシュフロー表の空欄（ア）～
（ウ）にあてはまる数値として、誤っているものはどれか。なお、計算に当たっては、キャッシュフロ
ー表中に記載の整数を使用すること。また、計算過程においては端数処理をせず計算し、計算結果につ
いては万円未満を四捨五入することとする。","＜東条家のキャッシュフロー表＞ （単位：万円)
経過年数 基準年 １年後 ２年後 ３年後 ４年後
家族・
年齢
東条 義雄 本人 ３７歳 ３８歳 ３９歳 ４０歳 ４１歳
   八重 妻 ３５歳 ３６歳 ３７歳 ３８歳 ３９歳
   泰彦 長男  ７歳  ８歳  ９歳 １０歳 １１歳
ライフイベント  泰彦
小学校入学  海外旅行   変動率
収入
給与収入（本人） １％ ４３０
給与収入（妻） － ５０ ７０ ７０ ７０
収入合計 － ４８０ ５０４ ５０９
支出
基本生活費 ２％ ２４０    （ ア ）
住宅関連費 － １５６ １５６ １５６ １５６ １５６
教育費 － ５０ ４０ ４０ ５０ ６０
保険料 － １８ １８ １８ １８ １８
一時的支出 －   １２０
その他支出 － １２ １２ １２ １２ １２
支出合計 － ４７６ ４７１ ５９６ ４９１
年間収支   （ イ ）  ２２ １１
金融資産残高 １％ ６８０  ６４０ （ ウ ）
※年齢および金融資産残高は各年１２月３１日現在のものとする。
※給与収入は可処分所得で記載している。
※記載されている数値は正しいものとする。また、問題作成の都合上、一部を空欄にしてある。",,,,,（ア）２６０,（イ） ３３,（ウ）６６２,,3,FALSE,FALSE,source_id=fp3_202405_q002; diagram_type=html_table; diagram_kind=source_material; diagram_status=extracted_as_text,正解は3です。（ア）は4年後の基本生活費で、240万円×1.02^4＝約260万円なので正しい数値です。（イ）は1年後の年間収支で、収入合計504万円－支出合計471万円＝33万円なので正しい数値です。（ウ）は4年後の金融資産残高で、3年後残高640万円を1％で運用し、4年後の年間収支11万円を加えると約657万円です。662万円は誤りです。,,,,,,fp3-jitsugi-202405-q002
2024,令和6年度（実技）,33,single,ライフプランニングと資金計画,FP3級;実技;三答択,山本家の現時点の資産および負債が下記,"＜資料＞のとおりである場合、＜資料＞に基づく山本家のバラ
ンスシートの空欄（ア）にあてはまる金額として、正しいものはどれか。なお、記載のない事項について
は一切考慮しないこととする。

＜山本家のバランスシート＞ （単位：万円)
［資産］ ××× ［負債］ ×××
  負債合計 ×××
  ［純資産］ （ ア ）
資産合計 ××× 負債・純資産合計 ×××

＜資料＞

［保有財産（時価） ］ （単位：万円）
金融資産
普通預金 ４００
定期預金 ８００
投資信託 １００
上場株式 ２００
生命保険（解約返戻金相当額） ８０
不動産（自宅マンション） ３,０００

［負債残高］
住宅ローン（自宅マンション） ：２,２００万円",,,,,"１,５８０（万円）","２,３００（万円）","２,３８０（万円）",,3,FALSE,FALSE,source_id=fp3_202405_q003; diagram_type=html_table; diagram_kind=source_material; diagram_status=extracted_as_text,"正解は3です。資産合計は、普通預金400万円＋定期預金800万円＋投資信託100万円＋上場株式200万円＋生命保険80万円＋自宅マンション3,000万円＝4,580万円です。負債は住宅ローン2,200万円なので、純資産は4,580万円－2,200万円＝2,380万円です。",,,,,,fp3-jitsugi-202405-q003
2024,令和6年度（実技）,34,single,金融資産運用,FP3級;実技;三答択,"木村さんは、今後１５年間で毎年３０万円ずつ積立貯蓄をして、老後資金の準備をしたいと考えてい
る。積立期間中に年利２.０％で複利運用できるものとした場合、１５年後の積立金額として、正しい
ものはどれか。なお、下記","＜資料＞の３つの係数の中から最も適切な係数を選択して計算すること。ま
た、記載のない事項については一切考慮しないこととする。

＜資料：係数早見表（年利２.０％)＞
 終価係数 年金終価係数 年金現価係数
１５年 １.３４６ １７.２９３ １２.８４９
※記載されている数値は正しいものとする。",,,,,"３,８５４,７００円","５,１８７,９００円","６,０５７,０００円",,2,FALSE,FALSE,source_id=fp3_202405_q004; diagram_type=html_table; diagram_kind=source_material; diagram_status=extracted_as_text,"正解は2です。毎年一定額を積み立てた場合の将来額を求める問題なので、年金終価係数を使います。30万円×17.293＝518.79万円、つまり5,187,900円です。終価係数は一時金の将来額、年金現価係数は毎年受け取る年金額の現在価値を求める係数です。",,,,,,fp3-jitsugi-202405-q004
2024,令和6年度（実技）,35,single,ライフプランニングと資金計画,FP3級;実技;三答択,"遺族基礎年金に関する次の記述の空欄（ア） 、 （イ）にあてはまる語句の組み合わせとして、最も適切
なものはどれか。

遺族基礎年金を受給することができる遺族は、国民年金の被保険者等の死亡当時、その者によって
生計を維持されていた子または子と生計を同じくしていた配偶者である。なお、遺族基礎年金を受
給することができる子の年齢要件は以下のとおりである。
① （ ア ）までの間にあること
② （ イ ）で障害等級１級または２級に該当する障害の状態にあること
※上記の年齢要件を満たしていても婚姻している者は子から除かれる。",,,,,,（ア）１８歳未満      （イ）２０歳未満,（ア）１８歳到達年度の末日 （イ）２０歳未満,（ア）１８歳到達年度の末日 （イ）２０歳到達年度の末日,,2,FALSE,FALSE,,正解は2です。遺族基礎年金を受けられる子は、原則として18歳到達年度の末日までの間にある子です。また、障害等級1級または2級に該当する障害の状態にある場合は20歳未満の子が対象になります。いずれの場合も、婚姻している子は対象から除かれます。,,,,,,
2024,令和6年度（実技）,36,single,金融資産運用,FP3級;実技;三答択,下記,"＜資料＞に基づくＷＡ株式会社とＷＢ株式会社の投資指標に関する次の記述のうち、最も不適切
なものはどれか。なお、記載のない事項については一切考慮しないこととする。

＜資料＞
 ＷＡ株式会社 ＷＢ株式会社
株価 １,２００円 ３,０００円
１株当たり当期純利益 ２００円 ３００円
１株当たり純資産（自己資本） １,５００円 ２,０００円
１株当たり年間配当金 ２５円 ５０円",,,,,株価収益率（ＰＥＲ）で比較した場合、株価はＷＡ株式会社よりＷＢ株式会社の方が割安である。,"株価純資産倍率（ＰＢＲ）で比較した場合、株価はＷＡ株式会社よりＷＢ株式会社の方が割高であ
る。",配当利回りで比較した場合、収益性はＷＡ株式会社よりＷＢ株式会社の方が低い。,,1,FALSE,FALSE,source_id=fp3_202405_q006; diagram_type=html_table; diagram_kind=source_material; diagram_status=extracted_as_text,"正解は1です。WA社のPERは1,200円÷200円＝6倍、WB社のPERは3,000円÷300円＝10倍です。PERは低いほど株価が利益に対して割安と判断されるため、WB社の方が割安という記述は不適切です。PBRはWA社0.8倍、WB社1.5倍なのでWB社の方が割高です。配当利回りはWA社25円÷1,200円＝約2.08％、WB社50円÷3,000円＝約1.67％で、WB社の方が低いです。",,,,,,fp3-jitsugi-202405-q006
2024,令和6年度（実技）,37,single,金融資産運用,FP3級;実技;三答択,"投資信託の運用スタイルに関する下表の空欄（ア） 、 （イ）にあてはまる語句の組み合わせとして、最
も適切なものはどれか。

運用スタイル 主な内容
（ ア ） ベンチマークの動きに連動した運用成果を目指す。代表的なものにインデック
スファンドがある。
（ イ ） ベンチマークを上回る運用成果を目標としており、銘柄の調査を入念に行うな
ど銘柄選択に時間やコストがかかる。",,,,,,（ア）パッシブ運用 （イ）アクティブ運用,（ア）バリュー運用 （イ）グロース運用,（ア）バランス運用 （イ）グロース運用,,1,FALSE,FALSE,source_id=fp3_202405_q007; diagram_type=html_table; diagram_kind=source_material; diagram_status=extracted_as_text,正解は1です。ベンチマークに連動する運用成果を目指すのがパッシブ運用で、代表例がインデックスファンドです。ベンチマークを上回る運用成果を目指し、銘柄選択などに手間とコストをかけるのがアクティブ運用です。,,,,,,fp3-jitsugi-202405-q007
2024,令和6年度（実技）,38,single,金融資産運用,FP3級;実技;三答択,下記,"＜資料＞の外貨定期預金について、満期時の外貨ベースの元利合計額を円転した金額として、正
しいものはどれか。なお、税金については考慮しないこととする。

＜資料＞

預入額：１０,０００米ドル
預入期間：１２ヵ月
預金金利：１.５０％（年率）

［為替レート（１米ドル） ］
 ＴＴＳ ＴＴＭ（仲値） ＴＴＢ
満期時 １２６.４０円 １２５.４０円 １２４.４０円",,,,,"１,２６２,６６０円","１,２７２,８１０円","１,２８２,９６０円",,1,FALSE,FALSE,source_id=fp3_202405_q008; diagram_type=html_table; diagram_kind=source_material; diagram_status=extracted_as_text,"正解は1です。満期時の外貨ベースの元利合計は、10,000米ドル×1.015＝10,150米ドルです。外貨を円に換えるときは、金融機関が外貨を買い取るレートであるTTBを使います。10,150米ドル×124.40円＝1,262,660円です。",,,,,,fp3-jitsugi-202405-q008
2024,令和6年度（実技）,39,single,不動産,FP3級;実技;三答択,"建築基準法に従い、下記＜資料＞の土地に建築物を建築する場合の延べ面積（床面積の合計）の最高
限度として、正しいものはどれか。なお、記載のない事項については一切考慮しないこととする。","建築基準法に従い、下記＜資料＞の土地に建築物を建築する場合の延べ面積（床面積の合計）の最高
限度として、正しいものはどれか。なお、記載のない事項については一切考慮しないこととする。

＜資料＞

・ 近隣商業地域
・ 指定建蔽率  ６０％
・ 指定容積率 ４００％
・ 前面道路の幅員に対する
法定乗数 ６／１０
幅員６ｍ市道
１５ｍ
３０ｍ
４５０ｍ2",,,,,２７０ｍ2,"１,６２０ｍ2","１,８００ｍ2",,2,FALSE,FALSE,source_id=fp3_202405_q009; diagram_type=html_table; diagram_kind=source_material; diagram_status=extracted_as_text,"正解は2です。延べ面積の最高限度は容積率で求めます。指定容積率は400％ですが、前面道路幅員による容積率制限は6m×6/10＝360％です。小さい方の360％を使うため、450m2×360％＝1,620m2が最高限度です。建蔽率は建築面積の制限であり、延べ面積の計算には使いません。",,,,,,fp3-jitsugi-202405-q009
2024,令和6年度（実技）,40,single,不動産,FP3級;実技;三答択,"公的な土地評価に関する下表の空欄（ア）～（ウ）にあてはまる語句の組み合わせとして、最も適切
なものはどれか。

価格の種類 公示価格 相続税路線価 固定資産税評価額
所管 国土交通省 国税庁 （ ア ）
評価割合 － 公示価格の（ イ ）程度 公示価格の（ ウ ）程度
実施目的 一般の土地取引の指標等 相続税等の財産評価の基礎 固定資産税等の課税標準の
基礎",,,,,,（ア）国税庁            （イ）９０％ （ウ）８０％,（ア）市町村（東京２３区は東京都） （イ）７０％ （ウ）８０％,（ア）市町村（東京２３区は東京都） （イ）８０％ （ウ）７０％,,3,FALSE,FALSE,source_id=fp3_202405_q010; diagram_type=html_table; diagram_kind=source_material; diagram_status=extracted_as_text,正解は3です。固定資産税評価額は市町村、東京23区では東京都が所管します。相続税路線価は公示価格の80％程度、固定資産税評価額は公示価格の70％程度を目安に評価されます。公示価格は一般の土地取引の指標となり、相続税路線価や固定資産税評価額の基礎にもなります。,,,,,,fp3-jitsugi-202405-q010
2024,令和6年度（実技）,41,single,不動産,FP3級;実技;三答択,"借地借家法に基づく定期借地権に関する下表の空欄（ア）～（ウ）にあてはまる語句の組み合わせと
して、最も適切なものはどれか。

種類 一般定期借地権 事業用定期借地権等 建物譲渡特約付借地権
存続期間 （ ア ）以上 １０年以上５０年未満 ３０年以上
契約方法 （ イ ） （ ウ ） 制限なし
契約終了時の
建物
原則として借地人は建
物を取り壊して土地を
返還する
原則として借地人は建
物を取り壊して土地を
返還する
借地権設定者が建物を買
い取る",,,,,,（ア）３０年 （イ）制限なし     （ウ）公正証書等の書面,（ア）５０年 （イ）制限なし     （ウ）公正証書,（ア）５０年 （イ）公正証書等の書面 （ウ）公正証書,,3,FALSE,FALSE,source_id=fp3_202405_q011; diagram_type=html_table; diagram_kind=source_material; diagram_status=extracted_as_text,正解は3です。一般定期借地権は存続期間50年以上で、契約は公正証書による等書面で行います。事業用定期借地権等は存続期間10年以上50年未満で、契約は公正証書によらなければなりません。建物譲渡特約付借地権は存続期間30年以上で、契約方法に特別な制限はありません。,,,,,,fp3-jitsugi-202405-q011
2024,令和6年度（実技）,42,single,リスク管理,FP3級;実技;三答択,大下秀雄さんが加入している生命保険（下記,"＜資料＞参照）の保障内容に関する次の記述の空欄（ア）
にあてはまる金額として、正しいものはどれか。なお、保険金および給付金の支払事由が生じたときに
おいて、特約を含む保険契約は有効に継続しているものとする。また、秀雄さんはこれまでに＜資料＞
の保険から保険金および給付金を一度も受け取っていないものとする。

＜資料＞

無配当定期保険特約付終身保険 保険証券番号△△△－□□□□
保険契約者 大下 秀雄 様
 ◆契約日（保険期間の始期）
２０××年×月×日
◆主契約の保険期間
終身
◆主契約の保険料払込期間
３０年
◆特約の保険期間
１０年
（８０歳まで自動更新）
被保険者 大下 秀雄 様
契約年齢 ５０歳 男性

受取人 死亡保険金
大下 寧々 様（妻）

■ご契約内容 ■お払い込みいただく合計保険料
終身保険金額（主契約保険金額）       ２００万円
定期保険特約保険金額           ２,５００万円
災害割増特約保険金額           ２,０００万円
災害入院特約 入院５日目から     日額 ５,０００円
疾病入院特約 入院５日目から     日額 ５,０００円
※約款所定の手術を受けた場合、手術の種類に応じて入院給
付金日額の１０倍・２０倍・４０倍の手術給付金を支払い
ます。
 毎回 ×,×××円
［保険料払込方法］
月払い

※入院給付金の１入院当たりの限度日数は１２０日、通算限度日数は１,０９５日です。
※１８０日以内に同じ病気で再度入院した場合は１回の入院とみなします。

秀雄さんが、現時点で交通事故により死亡（入院・手術なし）した場合、保険会社から支払われる
保険金および給付金は、合計（ ア ）である。",,,,,２００万円,"２,７００万円","４,７００万円",,3,FALSE,FALSE,source_id=fp3_202405_q012; diagram_type=html_table; diagram_kind=source_material; diagram_status=extracted_as_text,"正解は3です。交通事故で死亡した場合、終身保険金200万円、定期保険特約保険金2,500万円、災害割増特約保険金2,000万円が支払われます。入院や手術はしていないため、災害入院給付金や手術給付金は支払われません。合計は200万円＋2,500万円＋2,000万円＝4,700万円です。",,,,,,fp3-jitsugi-202405-q012
2024,令和6年度（実技）,43,single,リスク管理,FP3級;実技;三答択,"会社員の大久保さんが加入している生命保険について、死亡保険金が一時金として支払われた場合の
課税関係に関する次の記述のうち、最も適切なものはどれか。",,,,,,"保険契約者（保険料負担者）および被保険者が大久保さん、死亡保険金受取人が大久保さんの妻の
場合、妻が受け取った死亡保険金は贈与税の課税対象となる。","保険契約者（保険料負担者）が大久保さん、被保険者が大久保さんの妻、死亡保険金受取人が大久
保さんの場合、大久保さんが受け取った死亡保険金は所得税・住民税の課税対象となる。","保険契約者（保険料負担者）が大久保さん、被保険者が大久保さんの妻、死亡保険金受取人が大久
保さんの子の場合、子が受け取った死亡保険金は相続税の課税対象となる。",,2,FALSE,FALSE,source_id=fp3_202405_q013; diagram_type=html_table; diagram_kind=source_material; diagram_status=extracted_as_text,正解は2です。保険金の課税関係は、保険料負担者、被保険者、受取人の関係で判定します。保険料負担者と死亡保険金受取人が同じで、被保険者が別人の場合、受け取った死亡保険金は所得税・住民税の課税対象です。保険料負担者と被保険者が同じ場合は相続税、保険料負担者・被保険者・受取人がすべて異なる場合は贈与税の対象になります。,,,,,,fp3-jitsugi-202405-q013
2024,令和6年度（実技）,44,single,リスク管理,FP3級;実技;三答択,"ＦＰの沖田さんは、相談者の斉藤さんから地震保険に関する質問を受けた。地震保険に関する沖田さ
んの次の説明のうち、最も不適切なものはどれか。なお、地震保険とは「地震保険に関する法律」に定
める地震保険契約に係る保険をいうものとする。",,,,,,「地震保険は火災保険などとセットで契約するため、単独での契約はできません。 」,「地震保険の保険料は、建物の所在地によって異なります。 」,「地震保険では、自動車も家財として補償の対象となります。 」,,3,FALSE,FALSE,source_id=fp3_202405_q014; diagram_type=html_table; diagram_kind=source_material; diagram_status=extracted_as_text,正解は3です。地震保険は火災保険などに付帯して契約するもので、単独では契約できません。また、保険料は建物の所在地や構造などによって異なります。一方、自動車は地震保険における家財の補償対象には含まれません。,,,,,,fp3-jitsugi-202405-q014
2024,令和6年度（実技）,45,single,タックスプランニング,FP3級;実技;三答択,中岡さん（６８歳）の当年分の収入が下記,"＜資料＞のとおりである場合、中岡さんの当年分の所得税
における総所得金額として、正しいものはどれか。なお、記載のない事項については一切考慮しないこ
ととする。

＜資料＞
内容 金額
アルバイト収入  ５０万円
公的年金の老齢年金 ３００万円
※アルバイト収入は給与所得控除額を控除する前の金額である。
※老齢年金は公的年金等控除額を控除する前の金額である。

＜給与所得控除額の速算表＞
給与等の収入金額 給与所得控除額
 １６２.５万円 以下 ５５万円
１６２.５万円 超 １８０万円 以下 収入金額×４０％－ １０万円
１８０万円 超 ３６０万円 以下 収入金額×３０％＋  ８万円
３６０万円 超 ６６０万円 以下 収入金額×２０％＋ ４４万円
６６０万円 超 ８５０万円 以下 収入金額×１０％＋１１０万円
８５０万円 超  １９５万円（上限）

＜公的年金等控除額の速算表＞
納税者区分 公的年金等の収入金額（Ａ）
公的年金等控除額
公的年金等に係る雑所得以外の所得
に係る合計所得金額
１,０００万円 以下
６５歳以上の者
 ３３０万円 以下 １１０万円
３３０万円 超 ４１０万円 以下 （Ａ）×２５％＋ ２７.５万円
４１０万円 超 ７７０万円 以下 （Ａ）×１５％＋ ６８.５万円
７７０万円 超 １,０００万円 以下 （Ａ）× ５％＋１４５.５万円
１,０００万円 超  １９５.５万円",,,,,１８５万円,１９０万円,２４０万円,,2,FALSE,FALSE,source_id=fp3_202405_q015; diagram_type=html_table; diagram_kind=source_material; diagram_status=extracted_as_text,正解は2です。アルバイト収入50万円は給与所得控除55万円以下なので、給与所得は0円です。65歳以上で公的年金収入300万円の場合、公的年金等控除額は110万円なので、公的年金等に係る雑所得は300万円－110万円＝190万円です。したがって総所得金額は190万円です。,,,,,,fp3-jitsugi-202405-q015
2024,令和6年度（実技）,46,single,タックスプランニング,FP3級;実技;三答択,会社員の近藤さんの退職に係るデータが下記,"＜資料＞のとおりである場合、近藤さんの所得税におけ
る退職所得の金額として、正しいものはどれか。なお、近藤さんは役員であったことはなく、退職は障
害者になったことに基因するものではない。また、前年以前に受け取った退職金はないものとする。

＜資料＞
支給された退職一時金 ４,４００万円
勤続年数 ３８年",,,,,１４０万円,"１,１７０万円","２,３４０万円",,2,FALSE,FALSE,source_id=fp3_202405_q016; diagram_type=html_table; diagram_kind=source_material; diagram_status=extracted_as_text,"正解は2です。退職所得控除額は、勤続年数が20年超の場合、800万円＋70万円×(勤続年数－20年)で求めます。800万円＋70万円×18年＝2,060万円です。退職所得の金額は、(4,400万円－2,060万円)×1/2＝1,170万円です。",,,,,,fp3-jitsugi-202405-q016
2024,令和6年度（実技）,47,single,タックスプランニング,FP3級;実技;三答択,"高橋さんは、２０年前に購入し、現在居住している自宅の土地および建物を売却する予定である。売
却に係る状況が下記","＜資料＞のとおりである場合、所得税における課税長期譲渡所得の金額として、正
しいものはどれか。なお、課税長期譲渡所得の金額が最も少なくなるように計算すること。

＜資料＞

譲渡価額（合計） ：６,５００万円
取得費（合計） ：２,１００万円
譲渡費用（合計） ：２００万円
※居住用財産を譲渡した場合の３,０００万円特別控除の特例の適用を受けるものとする。
※所得控除は考慮しないこととする。",,,,,６００万円,"１,２００万円","１,４００万円",,2,FALSE,FALSE,source_id=fp3_202405_q017; diagram_type=html_table; diagram_kind=source_material; diagram_status=extracted_as_text,"正解は2です。長期譲渡所得は、譲渡価額から取得費と譲渡費用を差し引いて求めます。6,500万円－2,100万円－200万円＝4,200万円です。居住用財産の3,000万円特別控除を適用すると、課税長期譲渡所得は4,200万円－3,000万円＝1,200万円です。",,,,,,fp3-jitsugi-202405-q017
2024,令和6年度（実技）,48,single,相続・事業承継,FP3級;実技;三答択,"森隆男さん（被相続人）の＜親族関係図＞が下記のとおりである場合、民法上の相続人および法定相
続分の組み合わせとして、最も適切なものはどれか。なお、記載のない事項については一切考慮しない
こととする。","森隆男さん（被相続人）の＜親族関係図＞が下記のとおりである場合、民法上の相続人および法定相
続分の組み合わせとして、最も適切なものはどれか。なお、記載のない事項については一切考慮しない
こととする。

＜親族関係図＞

※妙子さんは期限内に家庭裁判所で手続きを行い、適法に相続を放棄した。

妙子（※）
綾子
森 隆男
（被相続人）
龍子
元貴
吉春
（すでに死亡）",,,,,綾子 ２／３  妙子 １／３,綾子 ２／３  龍子 １／６  吉春 １／６,綾子 ３／４  龍子 １／８  吉春 １／８,,3,FALSE,FALSE,source_id=fp3_202405_q018; diagram_type=needs_svg; diagram_kind=family_tree; diagram_status=pending_manual_trace; html_reproduction=planned,正解は3です。被相続人に子がなく、父はすでに死亡し、母の妙子さんは相続放棄をしています。直系尊属が相続人にならないため、配偶者の綾子さんと兄弟姉妹が相続人になります。配偶者と兄弟姉妹が相続人の場合、配偶者の法定相続分は3/4、兄弟姉妹全体で1/4です。兄弟姉妹の龍子さんと吉春さんが1/4を等分し、それぞれ1/8となります。,,,,,,fp3-jitsugi-202405-q018
2024,令和6年度（実技）,49,single,相続・事業承継,FP3級;実技;三答択,"藤田信二さん（被相続人）の＜親族関係図＞および＜相続に係る相続税の課税遺産総額（課税価格の
合計額から遺産に係る基礎控除額を控除した金額)＞が下記のとおりである場合、信二さんの相続に係
る相続税の総額として、正しいものはどれか。","藤田信二さん（被相続人）の＜親族関係図＞および＜相続に係る相続税の課税遺産総額（課税価格の
合計額から遺産に係る基礎控除額を控除した金額)＞が下記のとおりである場合、信二さんの相続に係
る相続税の総額として、正しいものはどれか。

＜親族関係図＞

＜相続に係る相続税の課税遺産総額（課税価格の合計額から遺産に係る基礎控除額を控除した金額)＞
８,０００万円

＜相続税の速算表＞
法定相続分に応ずる取得金額 税率 控除額
 １,０００万円 以下 １０％ －
１,０００万円 超 ３,０００万円 以下 １５％    ５０万円
３,０００万円 超 ５,０００万円 以下 ２０％   ２００万円
５,０００万円 超 １億円 以下 ３０％   ７００万円
１億円 超 ２億円 以下 ４０％ １,７００万円
２億円 超 ３億円 以下 ４５％ ２,７００万円
３億円 超 ６億円 以下 ５０％ ４,２００万円
６億円 超  ５５％ ７,２００万円

良枝
藤田 信二
（被相続人）
桜子
咲江",,,,,５００万円,"１,１００万円","１,７００万円",,2,FALSE,FALSE,source_id=fp3_202405_q019; diagram_type=needs_svg; diagram_kind=family_tree; diagram_status=pending_manual_trace; html_reproduction=planned,"正解は2です。相続税の総額は、課税遺産総額を法定相続分で取得したものとして計算します。相続人は配偶者の良枝さんと子2人なので、法定相続分は良枝さん1/2、咲江さんと桜子さんが各1/4です。課税遺産総額8,000万円を分けると、良枝さん4,000万円、子は各2,000万円です。税額は良枝さんが4,000万円×20％－200万円＝600万円、子は各2,000万円×15％－50万円＝250万円で、合計1,100万円です。",,,,,,fp3-jitsugi-202405-q019
2024,令和6年度（実技）,50,single,相続・事業承継,FP3級;実技;三答択,"西川さん（３１歳）が当年中に贈与を受けた財産の価額と贈与者は以下のとおりである。西川さんの
当年分の贈与税額として、正しいものはどれか。なお、記載のない事項については一切考慮しないこと
とする。

・ 西川さんの祖父からの贈与 現金３７０万円
・ 西川さんの祖母からの贈与 現金１８０万円","＜贈与税の速算表＞
（イ）１８歳以上の者が直系尊属から贈与を受けた財産の場合（特例贈与財産、特例税率）
基礎控除後の課税価格 税率 控除額
 ２００万円 以下 １０％ －
２００万円 超 ４００万円 以下 １５％  １０万円
４００万円 超 ６００万円 以下 ２０％  ３０万円
６００万円 超 １,０００万円 以下 ３０％  ９０万円
１,０００万円 超 １,５００万円 以下 ４０％ １９０万円
１,５００万円 超 ３,０００万円 以下 ４５％ ２６５万円
３,０００万円 超 ４,５００万円 以下 ５０％ ４１５万円
４,５００万円 超  ５５％ ６４０万円

（ロ）上記（イ）以外の場合（一般贈与財産、一般税率）
基礎控除後の課税価格 税率 控除額
 ２００万円 以下 １０％ －
２００万円 超 ３００万円 以下 １５％  １０万円
３００万円 超 ４００万円 以下 ２０％  ２５万円
４００万円 超 ６００万円 以下 ３０％  ６５万円
６００万円 超 １,０００万円 以下 ４０％ １２５万円
１,０００万円 超 １,５００万円 以下 ４５％ １７５万円
１,５００万円 超 ３,０００万円 以下 ５０％ ２５０万円
３,０００万円 超  ５５％ ４００万円",,,,,３６万円,５８万円,８０万円,,2,FALSE,FALSE,,正解は2です。贈与税は、その年に受けた贈与財産を合計して基礎控除110万円を差し引きます。祖父と祖母はいずれも直系尊属で、西川さんは18歳以上なので特例税率を使います。贈与額合計は370万円＋180万円＝550万円、基礎控除後の課税価格は440万円です。速算表より、440万円×20％－30万円＝58万円となります。,,,,,,
2025,令和7年度（学科・三答択）,1,single,ライフプランニングと資金計画,FP3級;学科;三答択,"Ａさんの可処分所得（年間）の金額は、下記の〈資料〉によれば、 （   ）である。

〈資料〉Ａさんの年間収入等
給与収入    ： 800万円（給与所得 ： 610万円）
所得税・住民税 ：  60万円
社会保険料   ： 100万円
生命保険料   ：  10万円",,,,,,450万円,630万円,640万円,,3,FALSE,FALSE,,正解は3です。可処分所得は、年収から所得税・住民税と社会保険料を差し引いて求めます。生命保険料は家計上の支出ですが、可処分所得の計算では差し引きません。800万円－60万円－100万円＝640万円です。,,,,,,
2025,令和7年度（学科・三答択）,2,single,ライフプランニングと資金計画,FP3級;学科;三答択,"全国健康保険協会管掌健康保険に任意継続被保険者として加入することができる期間
は、任意継続被保険者となった日から最長で（   ）である。",,,,,,１年,２年,５年,,2,FALSE,FALSE,,正解は2です。協会けんぽなどの健康保険の任意継続被保険者として加入できる期間は、任意継続被保険者となった日から最長2年間です。退職後の公的医療保険の選択肢としてよく出る数字です。,,,,,,
2025,令和7年度（学科・三答択）,3,single,ライフプランニングと資金計画,FP3級;学科;三答択,"65歳到達時に老齢基礎年金の受給資格期間を満たしている者が、70歳０カ月で老齢基
礎年金の繰下げ支給の申出をし、支給開始を60カ月繰り下げた場合、老齢基礎年金の増
額率は（   ）となる。",,,,,,30％,36％,42％,,3,FALSE,FALSE,,正解は3です。老齢基礎年金の繰下げによる増額率は、1カ月当たり0.7％です。60カ月繰り下げた場合、0.7％×60カ月＝42％の増額となります。,,,,,,
2025,令和7年度（学科・三答択）,4,single,ライフプランニングと資金計画,FP3級;学科;三答択,"遺族厚生年金を受給することができる遺族の範囲は、厚生年金保険の被保険者等の死
亡の当時、その者によって生計を維持され、かつ、所定の要件を満たす（   ）とさ
れ、そのうち最も優先順位の高い者に遺族厚生年金が支給される。",,,,,,配偶者、子、父母,配偶者、子、父母、孫、祖父母,配偶者、子、父母、孫、祖父母、兄弟姉妹,,2,FALSE,FALSE,,正解は2です。遺族厚生年金を受けられる遺族は、死亡した人に生計を維持されていた配偶者、子、父母、孫、祖父母のうち、所定の要件を満たす人です。兄弟姉妹は遺族厚生年金の遺族の範囲に含まれません。,,,,,,
2025,令和7年度（学科・三答択）,5,single,ライフプランニングと資金計画,FP3級;学科;三答択,"住宅金融支援機構と民間金融機関が提携した住宅ローンであるフラット35（買取型）
の融資金利は（ ① ）であり、借入れをする際には、保証人が（ ② ）である。",,,,,,① 固定金利   ② 不要,① 固定金利   ② 必要,① 変動金利   ② 必要,,1,FALSE,FALSE,,正解は1です。フラット35は、住宅金融支援機構と民間金融機関が提携して提供する全期間固定金利型の住宅ローンです。借入れにあたって保証人は不要で、保証料もかかりません。,,,,,,
2025,令和7年度（学科・三答択）,6,single,リスク管理,FP3級;学科;三答択,"国内で事業を行う損害保険会社が破綻した場合、自動車損害賠償責任保険（自賠責保
険）について、損害保険契約者保護機構による補償割合は（   ）である。",,,,,,80％,90％,100％,,3,FALSE,FALSE,,正解は3です。損害保険会社が破綻した場合でも、自賠責保険については損害保険契約者保護機構により100％補償されます。自賠責保険は被害者保護のための強制保険である点が背景です。,,,,,,
2025,令和7年度（学科・三答択）,7,single,リスク管理,FP3級;学科;三答択,"生命保険会社が（   ）を引き下げた場合、通常、その後の終身保険の新規契約
の保険料は高くなる。",,,,,,予定利率,予定死亡率,予定事業費率,,1,FALSE,FALSE,,正解は1です。予定利率は、保険会社が保険料計算に用いる運用利回りの前提です。予定利率が下がると、運用で見込める収益が少なくなるため、通常、終身保険などの新規契約の保険料は高くなります。,,,,,,
2025,令和7年度（学科・三答択）,8,single,リスク管理,FP3級;学科;三答択,"自動車損害賠償責任保険（自賠責保険）の保険金の支払限度額は、加害車両が１台の
場合、 被害者１人につき、 死亡による損害については （ ① ） 、 傷害による損害につい
ては（ ② ） 、後遺障害による損害については障害の程度に応じて75万円から4,000万
円である。",,,,,,"① 3,000万円   ② 120万円","① 4,000万円   ② 150万円","① 5,000万円   ② 200万円",,1,FALSE,FALSE,,"正解は1です。自賠責保険の支払限度額は、被害者1人につき、死亡による損害が3,000万円、傷害による損害が120万円、後遺障害による損害が障害の程度に応じて75万円から4,000万円です。",,,,,,
2025,令和7年度（学科・三答択）,9,single,リスク管理,FP3級;学科;三答択,"先進医療特約では、 （   ） 時点において厚生労働大臣により定められている先進医
療が先進医療給付金の対象となる。",,,,,,申込日,責任開始日,療養を受けた日,,3,FALSE,FALSE,,正解は3です。先進医療特約で給付対象となる先進医療は、療養を受けた時点で厚生労働大臣により定められているものです。契約申込日や責任開始日時点での指定状況ではなく、実際に療養を受けた日で判定します。,,,,,,
2025,令和7年度（学科・三答択）,10,single,リスク管理,FP3級;学科;三答択,"個人年金保険 （保証期間付終身年金） において、 契約者 （＝保険料負担者） 、 被保険者
および年金受取人がＡさんの父親である場合、保証期間内にＡさんの父親が死亡し、残
りの保証期間についてＡさんが受け取る年金の年金受給権は、 （   ） の課税対象とな
る。",,,,,,贈与税,相続税,所得税,,2,FALSE,FALSE,,正解は2です。保証期間付終身年金で、契約者・保険料負担者・被保険者・年金受取人が父親である場合、保証期間内に父親が死亡して子が残りの年金受給権を取得すると、その年金受給権は相続により取得したものとして相続税の課税対象になります。,,,,,,
2025,令和7年度（学科・三答択）,11,single,金融資産運用,FP3級;学科;三答択,"追加型株式投資信託を基準価額11,500円（１万口当たり） で１万口購入した後、 最初の
決算時に１万口当たり700円の収益分配金が支払われ、分配落ち後の基準価額が11,200円
（１万口当たり） となった場合、 その収益分配金のうち、 普通分配金は （ ① ） であり、
元本払戻金（特別分配金）は（ ② ）である。",,,,,,① 300円   ② 400円,① 400円   ② 300円,① 500円   ② 200円,,2,FALSE,FALSE,,"正解は2です。分配落ち前の基準価額は、分配落ち後の基準価額11,200円に分配金700円を加えた11,900円です。個別元本は11,500円なので、個別元本を上回る部分400円が普通分配金、残り300円が元本払戻金、いわゆる特別分配金です。",,,,,,
2025,令和7年度（学科・三答択）,12,single,金融資産運用,FP3級;学科;三答択,"Ｘ社の株価が1,500円、１株当たり純利益が100円、１株当たり純資産（自己資本）が
1,000円である場合、Ｘ社のＲＯＥは、 （   ）である。",,,,,,1.5％,10％,15％,,2,FALSE,FALSE,,"正解は2です。ROEは、1株当たり純利益÷1株当たり純資産×100で求めます。100円÷1,000円×100＝10％です。株価1,500円はPERやPBRの計算で使う数値で、ROEの計算には使いません。",,,,,,
2025,令和7年度（学科・三答択）,13,single,金融資産運用,FP3級;学科;三答択,"異なる２資産からなるポートフォリオにおいて、２資産間の相関係数が（   ） であ
る場合、分散投資によるリスクの低減効果は最大となる。",,,,,,－１,０,＋１,,1,FALSE,FALSE,,正解は1です。2資産間の相関係数が－1の場合、値動きが完全に逆方向となるため、分散投資によるリスク低減効果は最大になります。相関係数が＋1の場合は、分散効果は最も小さくなります。,,,,,,
2025,令和7年度（学科・三答択）,14,single,金融資産運用,FP3級;学科;三答択,"ＮＩＳＡの「成長投資枠」 と 「つみたて投資枠」 を利用して株式投資信託等を保有するこ
とができる上限額（非課税保有限度額）は（ ① ）であり、このうち「成長投資枠」
での保有は（ ② ）が上限となる。",,,,,,"① 1,500万円   ② 1,000万円","① 1,800万円   ② 1,200万円","① 2,000万円   ② 1,500万円",,2,FALSE,FALSE,,"正解は2です。新しいNISAの非課税保有限度額は、成長投資枠とつみたて投資枠を合わせて1,800万円です。このうち成長投資枠で保有できる上限は1,200万円です。",,,,,,
2025,令和7年度（学科・三答択）,15,single,金融資産運用,FP3級;学科;三答択,"預金保険制度による保護の対象となる預金等のうち、定期預金などの一般預金等につ
いては、原則として、１金融機関ごとに預金者１人当たり元本（   ）までとその利
息等が保護される。",,,,,,500万円,"1,000万円","1,500万円",,2,FALSE,FALSE,,"正解は2です。預金保険制度では、決済用預金は全額保護されます。一方、定期預金などの一般預金等は、1金融機関ごとに預金者1人当たり元本1,000万円までとその利息等が保護されます。",,,,,,
2025,令和7年度（学科・三答択）,16,single,タックスプランニング,FP3級;学科;三答択,"所得税における一時所得に係る総収入金額が300万円で、 その収入を得るために支出し
た金額が100万円である場合、 一時所得の金額は （ ① ） となり、 そのうち総所得金額
に算入される金額は（ ② ）となる。",,,,,,① 150万円   ②  50万円,① 150万円   ②  75万円,① 200万円   ② 150万円,,2,FALSE,FALSE,,正解は2です。一時所得の金額は、総収入金額－収入を得るために支出した金額－特別控除額50万円で求めます。300万円－100万円－50万円＝150万円です。総所得金額に算入されるのはその2分の1なので、75万円です。,,,,,,
2025,令和7年度（学科・三答択）,17,single,タックスプランニング,FP3級;学科;三答択,所得税において、国民年金基金に加入して支払った掛金は、 （   ）の対象となる。,,,,,,生命保険料控除,社会保険料控除,小規模企業共済等掛金控除,,2,FALSE,FALSE,,正解は2です。国民年金基金に加入して支払った掛金は、所得税では社会保険料控除の対象です。iDeCoの掛金が小規模企業共済等掛金控除である点と区別します。,,,,,,
2025,令和7年度（学科・三答択）,18,single,タックスプランニング,FP3級;学科;三答択,"所得税において、個人が支払う地震保険の保険料に係る地震保険料控除は、原則とし
て、 （ ① ）を限度として年間支払保険料の（ ② ）が控除額となる。",,,,,,① ５万円   ② 全額,① ５万円   ② ２分の１相当額,① 10万円   ② ２分の１相当額,,1,FALSE,FALSE,,正解は1です。所得税の地震保険料控除は、原則として年間支払保険料の全額が控除対象で、控除限度額は5万円です。旧長期損害保険料に関する経過措置などとは区別します。,,,,,,
2025,令和7年度（学科・三答択）,19,single,タックスプランニング,FP3級;学科;三答択,"住宅ローンを利用して認定長期優良住宅を新築し、新たに所得税における住宅借入金
等特別控除の適用を受ける場合、控除期間は最長で（   ）である。",,,,,,10年,13年,15年,,2,FALSE,FALSE,,正解は2です。住宅ローン控除の控除期間は、住宅の種類や入居年などにより異なりますが、認定長期優良住宅を新築して新たに適用を受ける場合、控除期間は最長13年です。,,,,,,
2025,令和7年度（学科・三答択）,20,single,タックスプランニング,FP3級;学科;三答択,"その年の１月16日以後に新たに事業所得を生ずべき業務を開始した者が、その年分か
ら所得税の青色申告の承認を受けようとする場合、原則として、その業務を開始した日
から（   ）以内に、青色申告承認申請書を納税地の所轄税務署長に提出しなければ
ならない。",,,,,,２カ月,３カ月,６カ月,,1,FALSE,FALSE,,正解は1です。その年の1月16日以後に新たに事業を開始した人が、その年分から青色申告の承認を受けるには、原則として業務開始日から2カ月以内に青色申告承認申請書を提出します。,,,,,,
2025,令和7年度（学科・三答択）,21,single,不動産,FP3級;学科;三答択,"宅地建物取引業法によれば、宅地建物取引業者は、自ら売主となる宅地または建物の
売買契約の締結に際して、取引の相手方が宅地建物取引業者でない場合、代金の額の
（   ）を超える額の手付金を受領することができない。",,,,,,５％,10％,20％,,3,FALSE,FALSE,,正解は3です。宅建業者が自ら売主となり、買主が宅建業者でない場合、売買代金の20％を超える手付金を受領することはできません。消費者保護のための手付金等の制限です。,,,,,,
2025,令和7年度（学科・三答択）,22,single,不動産,FP3級;学科;三答択,"下記の200㎡の土地に建築面積100㎡、 延べ面積150㎡の２階建ての住宅を建築した場合、
当該建物の建蔽率は、 （   ）である。",,,,,,50％,75％,100％,,1,FALSE,FALSE,,正解は1です。建蔽率は、建築面積÷敷地面積×100で求めます。建築面積100m2、敷地面積200m2なので、100m2÷200m2×100＝50％です。延べ面積を使うと容積率の計算になります。,,,,,,
2025,令和7年度（学科・三答択）,23,single,不動産,FP3級;学科;三答択,"建物の区分所有等に関する法律（区分所有法）によれば、共用部分に対する各区分所
有者の共有持分は、各共有者が有する（ ① ）によるものとされており、当該規定は
規約で別段の定めをすることが（ ② ）。",,,,,,① 戸数の総戸数に占める割合   ② できる,① 専有部分の床面積の割合    ② できない,① 専有部分の床面積の割合    ② できる,,3,FALSE,FALSE,,正解は3です。区分所有法では、共用部分に対する各区分所有者の共有持分は、原則として専有部分の床面積の割合によります。ただし、規約で別段の定めをすることができます。,,,,,,
2025,令和7年度（学科・三答択）,24,single,不動産,FP3級;学科;三答択,"個人が土地を譲渡したことによる譲渡所得の金額の計算において、譲渡した土地の取
得費が不明である場合には、譲渡収入金額の（   ）相当額を取得費とすることがで
きる。",,,,,,５％,10％,15％,,1,FALSE,FALSE,,正解は1です。土地や建物の譲渡所得の計算で取得費が不明な場合、概算取得費として譲渡収入金額の5％相当額を取得費とすることができます。実際の取得費が5％相当額より少ない場合にも、概算取得費を使うことができます。,,,,,,
2025,令和7年度（学科・三答択）,25,single,不動産,FP3級;学科;三答択,"被相続人の居住用家屋およびその敷地を単独で相続した被相続人の子が、当該家屋お
よびその敷地を譲渡し、 「被相続人の居住用財産 （空き家） に係る譲渡所得の特別控除の
特例」の適用を受けた場合、譲渡所得の金額の計算上、最高で（   ）を控除するこ
とができる。",,,,,,"1,000万円","2,000万円","3,000万円",,3,FALSE,FALSE,,"正解は3です。被相続人の居住用財産、いわゆる空き家に係る譲渡所得の特別控除の特例を受ける場合、所定の要件を満たせば譲渡所得から最高3,000万円を控除できます。",,,,,,
2025,令和7年度（学科・三答択）,26,single,相続・事業承継,FP3級;学科;三答択,"贈与税の配偶者控除は、婚姻期間が（ ① ）以上である配偶者から居住用不動産の
贈与または居住用不動産を取得するための金銭の贈与を受け、 所定の要件を満たす場合、
贈与税の課税価格から基礎控除額のほかに最高で（ ② ）を控除することができる特
例である。",,,,,,"① 10年   ② 2,500万円","① 10年   ② 2,000万円","① 20年   ② 2,000万円",,3,FALSE,FALSE,,"正解は3です。贈与税の配偶者控除は、婚姻期間20年以上の配偶者から居住用不動産またはその取得資金の贈与を受けた場合に、基礎控除110万円とは別に最高2,000万円を控除できる制度です。",,,,,,
2025,令和7年度（学科・三答択）,27,single,相続・事業承継,FP3級;学科;三答択,"下記の 〈親族関係図〉 において、 Ａさんの相続における父Ｃさんの法定相続分は、 （   ）
である。なお、母Ｄさんは、Ａさんの相続開始前に死亡している。

〈親族関係図〉
父Ｃさん      母Ｄさん

      妻Ｂさん      妹Ｅさん",,,,,,２分の１,３分の１,４分の１,,2,FALSE,FALSE,,正解は2です。Aさんに子がなく、母Dさんはすでに死亡しているため、相続人は配偶者Bさんと直系尊属である父Cさんです。配偶者と直系尊属が相続人の場合、配偶者が2/3、直系尊属が1/3です。父Cさんのみが直系尊属として相続するため、Cさんの法定相続分は1/3です。,,,,,,
2025,令和7年度（学科・三答択）,28,single,相続・事業承継,FP3級;学科;三答択,"同族株主のいる会社において、同族株主以外の株主等が取得した取引相場のない株式
の相続税評価額は、原則として、特例的評価方式である（   ）により評価する。",,,,,,配当還元方式,類似業種比準方式,純資産価額方式,,1,FALSE,FALSE,,正解は1です。同族株主のいる会社で、同族株主以外の株主等が取得した取引相場のない株式は、原則として特例的評価方式である配当還元方式で評価します。類似業種比準方式や純資産価額方式は原則的評価方式です。,,,,,,
2025,令和7年度（学科・三答択）,29,single,相続・事業承継,FP3級;学科;三答択,"貸家の相続税評価額は、 その家屋の固定資産税評価額が8,000万円、 借地権割合が60％、
借家権割合が30％、賃貸割合が100％である場合、原則として、 （   ）となる。",,,,,,"2,400万円","5,600万円","6,560万円",,2,FALSE,FALSE,,"正解は2です。貸家の評価額は、固定資産税評価額×(1－借家権割合×賃貸割合)で求めます。8,000万円×(1－30％×100％)＝8,000万円×70％＝5,600万円です。借地権割合は貸家の家屋評価では使いません。",,,,,,
2025,令和7年度（学科・三答択）,30,single,相続・事業承継,FP3級;学科;三答択,"相続人が相続により取得した宅地が「小規模宅地等についての相続税の課税価格の計
算の特例」における特定事業用宅地等に該当する場合、その宅地のうち（ ① ）まで
を限度面積として、評価額の（ ② ）相当額を減額した金額を、相続税の課税価格に
算入すべき価額とすることができる。",,,,,,① 200㎡   ② 50％,① 330㎡   ② 80％,① 400㎡   ② 80％,,3,FALSE,FALSE,,正解は3です。小規模宅地等の特例における特定事業用宅地等は、400m2までの部分について評価額の80％を減額できます。貸付事業用宅地等の200m2・50％減額、特定居住用宅地等の330m2・80％減額と区別します。,,,,,,
2025,令和7年度（実技）,31,single,ライフプランニングと資金計画,FP3級;実技;三答択,"ファイナンシャル・プランニング業務を行うに当たっては、関連業法等を順守することが重要である。
ファイナンシャル・プランナー（以下「ＦＰ」という）の行為に関する次の記述のうち、最も適切なも
のはどれか。なお、記載のない資格の登録等については考慮しないこととする。",,,,,,"投資助言・代理業の登録を受けていないＦＰが、公表されている有価証券報告書などに基づき、相
談者に対して、有償で具体的な投資時期等の判断や助言を行った。","税理士の登録を受けていないＦＰが、住宅展示場におけるＦＰ相談会で、住宅購入に当たり、住宅
借入金等特別控除（住宅ローン控除）の適用を受けた場合の具体的な税額計算を行った。","生命保険募集人・保険仲立人の登録を受けていないＦＰが、変額年金保険の一般的な商品内容につ
いて説明を行った。",,3,FALSE,FALSE,,正解は3です。生命保険募集人や保険仲立人の登録がなくても、変額年金保険の一般的な商品内容を説明するだけであれば、保険募集には当たりません。1は有償で具体的な投資時期等の判断や助言を行っており、投資助言・代理業の登録が必要です。2は個別具体的な税額計算であり、税理士資格がないFPが行うことはできません。,,,,,,
2025,令和7年度（実技）,32,single,ライフプランニングと資金計画,FP3級;実技;三答択,"下記は、東条家のキャッシュフロー表（一部抜粋）である。このキャッシュフロー表の空欄（ア）～
（ウ）にあてはまる数値として、正しいものはどれか。なお、計算に当たっては、キャッシュフロー表
中に記載の整数を使用すること。また、計算過程においては端数処理をせず計算し、計算結果について
は万円未満を四捨五入することとする。","＜東条家のキャッシュフロー表＞ （単位：万円)
経過年数 基準年 １年後 ２年後 ３年後 ４年後
家族・
年齢
東条 義雄 本人 ３１歳 ３２歳 ３３歳 ３４歳 ３５歳
   八重 妻 ３０歳 ３１歳 ３２歳 ３３歳 ３４歳
   泰彦 長男  ３歳  ４歳  ５歳  ６歳  ７歳
ライフイベント    自動車
購入  泰彦
小学校入学 変動率
収入
給与収入（本人） １％ ４３０
給与収入（妻） １％ ３６０
収入合計 － ７９０
支出
基本生活費 ２％ ２８０    （ ア ）
住宅関連費 － １８０ １８０ １８０ １８０ １８０
教育費 － １２ １５ １５ １５ ２４
保険料 － ２４ ２４ ２４ ２４ ２４
一時的支出 －   ３００  ２０
その他支出 － ４８
支出合計 － ５４４  ８５８
年間収支   ２４５ （ イ ）
金融資産残高 １％ ６８０ （ ウ ）
※年齢および金融資産残高は各年１２月３１日現在のものとする。
※給与収入は可処分所得で記載している。
※記載されている数値は正しいものとする。また、問題作成の都合上、一部を空欄にしてある。",,,,,（ア）２９１,（イ）▲５２,（ウ）９２５,,2,FALSE,FALSE,source_id=fp3_202505_q002; diagram_type=html_table; diagram_kind=source_material; diagram_status=extracted_as_text,正解は2です。（ア）は4年後の基本生活費なので、280万円×1.02^4＝約303万円となり、291万円ではありません。（イ）は2年後の年間収支で、本人と妻の給与収入をそれぞれ1％で2年分増やすと収入合計は約806万円、支出合計858万円との差額は▲52万円です。（ウ）は1年後の金融資産残高で、680万円×1.01＋245万円＝約932万円となるため、925万円ではありません。,,,,,,fp3-jitsugi-202505-q002
2025,令和7年度（実技）,33,single,ライフプランニングと資金計画,FP3級;実技;三答択,山本家の現時点の資産および負債が下記,"＜資料＞のとおりである場合、＜資料＞に基づく山本家のバラ
ンスシートの空欄（ア）にあてはまる金額として、正しいものはどれか。なお、記載のない事項について
は一切考慮しないこととする。

＜山本家のバランスシート＞ （単位：万円)
［資産］ ××× ［負債］ ×××
  負債合計 ×××
  ［純資産］ （ ア ）
資産合計 ××× 負債・純資産合計 ×××

＜資料＞

［保有財産（時価） ］ （単位：万円）
金融資産
普通預金 ３００
定期預金 １,５００
投資信託 ２００
生命保険（解約返戻金相当額） １００
自動車 １５０
不動産（自宅マンション） ４,０００

［負債残高］
住宅ローン（自宅マンション） ：３,２００万円",,,,,"２,９００（万円）","２,９５０（万円）","３,０５０（万円）",,3,FALSE,FALSE,source_id=fp3_202505_q003; diagram_type=html_table; diagram_kind=source_material; diagram_status=extracted_as_text,"正解は3です。資産合計は、普通預金300万円＋定期預金1,500万円＋投資信託200万円＋生命保険100万円＋自動車150万円＋自宅マンション4,000万円＝6,250万円です。負債は住宅ローン3,200万円なので、純資産は6,250万円－3,200万円＝3,050万円となります。",,,,,,fp3-jitsugi-202505-q003
2025,令和7年度（実技）,34,single,金融資産運用,FP3級;実技;三答択,"木村さんは、今後１０年間で積立貯蓄をして、子どもの大学進学資金として２００万円を準備したい
と考えている。積立期間中に年利２.０％で複利運用できるものとした場合、２００万円を準備するた
めに必要な毎年の積立金額として、正しいものはどれか。なお、下記","＜資料＞の３つの係数の中から最
も適切な係数を選択して計算し、解答に当たっては、千円未満を切り上げること。また、記載のない事
項については一切考慮しないこととする。

＜資料：係数早見表（年利２.０％)＞
 現価係数 資本回収係数 減債基金係数
１０年 ０.８２０３ ０.１１１３３ ０.０９１３３
※記載されている数値は正しいものとする。",,,,,"１６５,０００円","１８３,０００円","２２３,０００円",,2,FALSE,FALSE,source_id=fp3_202505_q004; diagram_type=html_table; diagram_kind=source_material; diagram_status=extracted_as_text,"正解は2です。将来の目標額を作るために毎年いくら積み立てるかを求める場合は、減債基金係数を使います。200万円×0.09133＝182,660円となり、千円未満を切り上げるため183,000円です。現価係数は将来額の現在価値、資本回収係数は現在の元本を毎年取り崩す額を求める係数です。",,,,,,fp3-jitsugi-202505-q004
2025,令和7年度（実技）,35,single,ライフプランニングと資金計画,FP3級;実技;三答択,"浦田豊和さん（６１歳）は、老齢基礎年金の繰上げ受給および繰下げ受給について、ＦＰの堀尾さん
に質問をした。豊和さんの老齢基礎年金の繰上げ受給および繰下げ受給に関する次の記述の空欄（ア） 、
（イ）にあてはまる数値の組み合わせとして、最も適切なものはどれか。なお、記載のない事項につい
ては一切考慮しないこととする。

老齢基礎年金の繰上げ受給をした場合の減額率および老齢基礎年金の繰下げ受給をした場合の増額
率は、以下の算式により計算する。
減額率＝（ ア ）％×繰上げ請求月から６５歳に達する日の前月までの月数
増額率＝（ イ ）％×６５歳に達した月から繰下げ申出月の前月までの月数",,,,,,（ア）０.４ （イ）０.７,（ア）０.５ （イ）０.５,（ア）０.７ （イ）０.４,,1,FALSE,FALSE,,正解は1です。老齢基礎年金を繰上げ受給する場合の減額率は1ヵ月当たり0.4％、繰下げ受給する場合の増額率は1ヵ月当たり0.7％です。繰上げは早く受け取る代わりに減額が生涯続き、繰下げは受給開始を遅らせる代わりに増額が生涯続きます。,,,,,,
2025,令和7年度（実技）,36,single,金融資産運用,FP3級;実技;三答択,下記,"＜資料＞に基づくＷＡ株式会社の投資指標に関する次の記述のうち、誤っているものはどれか。
なお、記載のない事項については一切考慮しないこととし、計算結果については表示単位の小数点以下
第３位を四捨五入すること。

＜資料：ＷＡ株式会社に関するデータ＞
株価 １,５００円
１株当たり当期純利益 ２００円
１株当たり純資産（自己資本） １,８００円
１株当たり年間配当金 ２５円",,,,,株価収益率（ＰＥＲ）は６０倍である。,株価純資産倍率（ＰＢＲ）は０.８３倍である。,配当性向は１２.５０％である。,,1,FALSE,FALSE,source_id=fp3_202505_q006; diagram_type=html_table; diagram_kind=source_material; diagram_status=extracted_as_text,"正解は1です。PERは株価÷1株当たり当期純利益で、1,500円÷200円＝7.5倍です。したがってPERが60倍という記述は誤りです。PBRは1,500円÷1,800円＝0.83倍、配当性向は25円÷200円×100＝12.50％で、2と3は正しい記述です。",,,,,,fp3-jitsugi-202505-q006
2025,令和7年度（実技）,37,single,金融資産運用,FP3級;実技;三答択,"投資信託の費用に関する下表の空欄（ア）～（ウ）にあてはまる語句として、最も適切なものはどれ
か。

投資信託の費用 主な内容
購入時手数料 投資信託の 購入時に販売会社へ 支払う費用である。購入時手数料が徴収され
ない（ ア ）と呼ばれる投資信託もある。
運用管理費用 運用のための費用や情報開示のための資料作成・発送、資産の保管・管理な
どの費用として徴収される。信託財産の残高から（ イ ） 、差し引かれる。
信託財産留保額 投資家間の公平性を保つために、一般的に、 （ ウ ）の際に徴収される。投
資信託によっては差し引かれないものもある。",,,,,,（ア）オープン型,（イ）毎日,（ウ）償還,,2,FALSE,FALSE,source_id=fp3_202505_q007; diagram_type=html_table; diagram_kind=source_material; diagram_status=extracted_as_text,正解は2です。購入時手数料がかからない投資信託はノーロード型と呼ばれるため、1の（ア）オープン型は不適切です。運用管理費用、いわゆる信託報酬は信託財産から毎日差し引かれるため、（イ）は毎日です。信託財産留保額は一般に換金時に徴収されるものであり、償還時ではありません。,,,,,,fp3-jitsugi-202505-q007
2025,令和7年度（実技）,38,single,金融資産運用,FP3級;実技;三答択,ドルコスト平均法により、１回当たり３万円の投資金額でＹＫ株式会社の株式を下記,"＜資料＞に記載
の株価で買い付けた場合の平均取得単価（株価）として、正しいものはどれか。なお、税金や手数料等
については考慮しないこととする。

＜資料＞
 株価（１株当たり）
第１回 １,２００円
第２回 ２,０００円
第３回 ２,０００円
第４回 １,５００円",,,,,"１,５００円","１,６００円","１,６７５円",,2,FALSE,FALSE,source_id=fp3_202505_q008; diagram_type=html_table; diagram_kind=source_material; diagram_status=extracted_as_text,"正解は2です。ドルコスト平均法では、毎回同じ金額で購入するため、株価が低いときほど多くの株数を買います。購入株数は、30,000円÷1,200円＝25株、30,000円÷2,000円＝15株、30,000円÷2,000円＝15株、30,000円÷1,500円＝20株で、合計75株です。総投資額120,000円÷75株＝1,600円が平均取得単価です。",,,,,,fp3-jitsugi-202505-q008
2025,令和7年度（実技）,39,single,不動産,FP3級;実技;三答択,"下記＜資料＞の甲土地の建築面積の最高限度を算出する基礎となる敷地面積として、正しいものはど
れか。なお、記載のない事項については一切考慮しないこととする。","下記＜資料＞の甲土地の建築面積の最高限度を算出する基礎となる敷地面積として、正しいものはど
れか。なお、記載のない事項については一切考慮しないこととする。

＜資料＞

※甲土地・乙土地が面する道路
は建築基準法第４２条第２項
に該当する道路で、甲土地・
乙土地はともにセットバック
を要する。また、道路の中心
線は現況道路の中心に位置す
るものとする。 なお、特定行
政庁が指定する幅員６ｍ指定
区域ではない。
幅員３ｍ市道
１０ｍ
１８ｍ
（甲土地）
１８０ｍ2
（乙土地）",,,,,１４４ｍ2,１６２ｍ2,１７１ｍ2,,3,FALSE,FALSE,source_id=fp3_202505_q009; diagram_type=html_table; diagram_kind=source_material; diagram_status=extracted_as_text,正解は3です。幅員3mの2項道路に接するため、道路中心線から2mまで後退するセットバック部分は敷地面積から除きます。現況道路幅員が3mなので、片側の後退幅は0.5mです。甲土地の間口は18mで、セットバック部分は18m×0.5m＝9m2です。180m2－9m2＝171m2が、建築面積の最高限度を算出する基礎となる敷地面積です。,,,,,,fp3-jitsugi-202505-q009
2025,令和7年度（実技）,40,single,不動産,FP3級;実技;三答択,"土地の登記記録に関する下表の空欄（ア）～（ウ）にあてはまる記録事項の組み合わせとして、最も
適切なものはどれか。","＜土地登記記録の構成＞
土地登記記録
表題部 （ ア ）
権利部 甲区 （ イ ）
乙区 （ ウ ）",,,,,（ア）所有権保存登記  （イ）賃借権設定登記 （ウ）抵当権設定登記,（ア）土地の所在や地積 （イ）賃借権設定登記 （ウ）抵当権設定登記,（ア）土地の所在や地積 （イ）所有権移転登記 （ウ）賃借権設定登記,,3,FALSE,FALSE,source_id=fp3_202505_q010; diagram_type=html_table; diagram_kind=source_material; diagram_status=extracted_as_text,正解は3です。土地登記記録の表題部には土地の所在、地番、地目、地積などが記録されます。権利部の甲区には所有権に関する事項、たとえば所有権移転登記が記録されます。権利部の乙区には所有権以外の権利、たとえば抵当権や賃借権に関する事項が記録されます。,,,,,,fp3-jitsugi-202505-q010
2025,令和7年度（実技）,41,single,不動産,FP3級;実技;三答択,"鍋島さんは、所有しているマンションを賃貸している。賃貸マンションに係る当年分の収入および支
出等が下記","＜資料＞のとおりである場合、当年分の所得税に係る不動産所得の金額として、正しいもの
はどれか。なお、記載のない事項については一切考慮しないこととする。

＜資料＞

・ 賃料収入（総収入金額） ：１８０万円
・ 支出等
銀行からの借入金に係る利息：４０万円
管理費等：４６万円
減価償却費：３５万円
※支出等のうち必要経費となるものは、すべて当年分の不動産所得に係る必要経費に該当するもの
とする。",,,,,５９万円,９４万円,９９万円,,1,FALSE,FALSE,source_id=fp3_202505_q011; diagram_type=html_table; diagram_kind=source_material; diagram_status=extracted_as_text,正解は1です。不動産所得は、総収入金額から必要経費を差し引いて求めます。賃料収入180万円から、借入金利息40万円、管理費等46万円、減価償却費35万円を控除すると、180万円－40万円－46万円－35万円＝59万円です。,,,,,,fp3-jitsugi-202505-q011
2025,令和7年度（実技）,42,single,リスク管理,FP3級;実技;三答択,大下秀雄さんが加入している生命保険（下記,"＜資料＞参照）の保障内容に関する次の記述の空欄（ア）
にあてはまる金額として、正しいものはどれか。なお、保険金および給付金の支払事由が生じたときに
おいて、保険契約は有効に継続しているものとする。また、秀雄さんはこれまでに＜資料＞の保険から
保険金および給付金を一度も受け取っていないものとする。

＜資料＞

保険種類 医療保険（無配当） 保険証券番号△△△－□□□□
保険契約者 大下 秀雄 様   ◆契約日（保険期間の始期）
２０××年×月×日
◆主契約の保険期間
終身
◆主契約の保険料払込期間
終身
被保険者 大下 秀雄 様
契約年齢 ３２歳 男性

受取人 〔給付金受取人〕被保険者 様
〔死亡保険金受取人〕大下 寧々 様（妻）

■ご契約内容
給付金・保険金の内容 給付金額・保険金額 保険期間
入院給付金
日額 ５,０００円
＊病気やケガで２日以上の入院をした場合、入院開始日
を含めて１日目から支払います。
＊同一事由の１回の入院給付金支払い限度は６０日、通
算して１,０００日となります。
終身
手術給付金
給付金額 入院給付金日額×１０・２０・４０倍
＊所定の手術を受けた場合、手術の種類に応じて、手術
給付金（入院給付金日額の１０倍・２０倍・４０倍）
を支払います。
死亡・高度障害保険金
保険金 １,０００,０００円
＊死亡または所定の高度障害状態となった場合に支払い
ます。

■ご契約内容 ■その他付加されている特約・特則等
払込保険料合計 ×,×××円／月  保険料口座振替特約
＊以下余白 払込方法（回数） ：年１２回
払込期日    ：毎月

秀雄さんが、現時点で交通事故により大ケガを負い、給付倍率２０倍の手術（１回）を受け、継続
して６５日間入院した場合に支払われる保険金および給付金は、合計（ ア ）である。",,,,,"３００,０００円","４００,０００円","４２５,０００円",,2,FALSE,FALSE,source_id=fp3_202505_q012; diagram_type=html_table; diagram_kind=source_material; diagram_status=extracted_as_text,"正解は2です。入院給付金は日額5,000円ですが、1回の入院の支払限度は60日です。65日入院しても支払対象は60日分なので、5,000円×60日＝300,000円です。手術給付金は5,000円×20倍＝100,000円です。死亡・高度障害保険金は死亡していないため支払われません。合計は400,000円です。",,,,,,fp3-jitsugi-202505-q012
2025,令和7年度（実技）,43,single,リスク管理,FP3級;実技;三答択,大久保利也さんの生命保険の年間支払保険料が下記,"＜資料＞のとおりである場合、利也さんの当年分
の所得税の計算における生命保険料控除の金額として、正しいものはどれか。なお、下記＜資料＞の保
険について、これまでに契約内容の変更はないものとする。また、当年分の生命保険料控除額が最も多
くなるように計算すること。

＜資料＞
［定期保険（無配当、一般生命保険料） ］
契約日：２０１８年９月１日
保険契約者：大久保 利也
被保険者：大久保 利也
死亡保険金受取人：大久保 順子（妻）
年間支払保険料：６２,８８０円

［がん保険（無配当、介護医療保険料） ］
契約日：２０１６年６月１日
保険契約者：大久保 利也
被保険者：大久保 利也
死亡保険金受取人：大久保 順子（妻）
年間支払保険料：２８,８００円

＜所得税の生命保険料控除額の速算表＞
［２０１２年１月１日以降に締結した保険契約（新契約）等に係る控除額］
年間の支払保険料の合計 控除額
 ２０,０００円 以下 支払保険料の全額
２０,０００円 超 ４０,０００円 以下 支払保険料×１／２＋１０,０００円
４０,０００円 超 ８０,０００円 以下 支払保険料×１／４＋２０,０００円
８０,０００円 超  ４０,０００円
（注）支払保険料とは、その年に支払った金額から、その年に受けた剰余金や割戻金を差し引いた残り
の金額をいう。",,,,,"３５,７２０円","４０,０００円","６０,１２０円",,3,FALSE,FALSE,source_id=fp3_202505_q013; diagram_type=html_table; diagram_kind=source_material; diagram_status=extracted_as_text,"正解は3です。定期保険は新契約の一般生命保険料控除で、62,880円×1/4＋20,000円＝35,720円です。がん保険は新契約の介護医療保険料控除で、28,800円×1/2＋10,000円＝24,400円です。合計は35,720円＋24,400円＝60,120円となります。",,,,,,fp3-jitsugi-202505-q013
2025,令和7年度（実技）,44,single,リスク管理,FP3級;実技;三答択,"斉藤さんが自身を被保険者として契約している個人賠償責任保険に関する次の記述のうち、斉藤さん
が国内で法律上の損害賠償責任を負った場合に保険金の支払い対象とならないものはどれか。",,,,,,勤務先の営業車を運転中に、民家の塀を誤って壊してしまった。,土産店で陳列している商品を誤って壊してしまった。,サイクリング中に、自転車の運転を誤り歩行者にケガをさせてしまった。,,1,FALSE,FALSE,source_id=fp3_202505_q014; diagram_type=html_table; diagram_kind=source_material; diagram_status=extracted_as_text,正解は1です。個人賠償責任保険は、日常生活上の偶然な事故により他人に損害を与え、法律上の損害賠償責任を負った場合を補償する保険です。勤務先の営業車を運転中の事故は、業務中の自動車事故であり、通常は個人賠償責任保険の対象外です。店の商品を壊した場合や自転車で歩行者にけがをさせた場合は、日常生活上の賠償事故として対象になり得ます。,,,,,,fp3-jitsugi-202505-q014
2025,令和7年度（実技）,45,single,タックスプランニング,FP3級;実技;三答択,会社員の中岡さんの当年分の所得等が下記,"＜資料＞のとおりである場合、中岡さんが当年分の所得税
の確定申告をする際に、給与所得と損益通算できる損失の金額として、正しいものはどれか。なお、▲
が付された所得の金額は、その所得に損失が発生していることを意味するものとする。

＜資料＞
所得または損失の種類 所得金額 備考
給与所得 ７００万円 勤務先からの給与であり、年末調整は済んでいる。
雑所得 ▲３０万円 仮想通貨の売却損である。
不動産所得 ▲１００万円
収入金額：１００万円 必要経費：２００万円
※必要経費の中には、土地の取得に要した借入金の利子が
２０万円含まれている。",,,,,▲８０万円,▲１００万円,▲１３０万円,,1,FALSE,FALSE,source_id=fp3_202505_q015; diagram_type=html_table; diagram_kind=source_material; diagram_status=extracted_as_text,正解は1です。不動産所得の損失は原則として給与所得と損益通算できますが、土地取得に係る借入金利子20万円部分は損益通算の対象外です。不動産所得の損失100万円のうち、損益通算できるのは100万円－20万円＝80万円です。雑所得の損失である仮想通貨の売却損30万円は、給与所得とは損益通算できません。,,,,,,fp3-jitsugi-202505-q015
2025,令和7年度（実技）,46,single,タックスプランニング,FP3級;実技;三答択,会社員の近藤敏彦さんの生計を一にしている家族に関するデータは下記,"＜資料＞のとおりである。敏
彦さんの当年分の所得税における扶養控除額として、正しいものはどれか。なお、＜資料＞に記載のあ
るデータ以外の扶養控除の要件はすべて満たしているものとする。

＜資料＞
氏名 続柄 年齢（※） 収入等
近藤 敏彦 本人 ４７歳 給与収入７００万円
   陽子 妻 ４８歳 パート収入８０万円
   早紀 長女 ２０歳 なし
   賢一 長男 １５歳 なし
（※）当年１２月３１日時点の年齢である。",,,,,３８万円,６３万円,７６万円,,2,FALSE,FALSE,source_id=fp3_202505_q016; diagram_type=html_table; diagram_kind=source_material; diagram_status=extracted_as_text,正解は2です。扶養控除の対象になるのは、控除対象扶養親族です。妻は配偶者控除等の対象であり扶養控除の対象ではありません。長女は20歳で特定扶養親族に該当するため控除額は63万円です。長男は15歳で16歳未満の扶養親族に該当し、扶養控除の対象にはなりません。,,,,,,fp3-jitsugi-202505-q016
2025,令和7年度（実技）,47,single,タックスプランニング,FP3級;実技;三答択,高橋さんは、当年３月に下記,"＜資料＞の一時払養老保険の満期保険金を受け取った。高橋さんが当年分
の所得税において総所得金額に算入すべき一時所得の金額として、正しいものはどれか。なお、記載のな
い事項については一切考慮しないこととする。

＜資料＞
保険種類 一時払養老保険
保険期間 １０年
保険契約者・保険料負担者 高橋さん
保険料払込方法 一時払い
満期保険金額 ６５０万円
支払保険料の総額 ５００万円",,,,,５０万円,７５万円,１００万円,,1,FALSE,FALSE,source_id=fp3_202505_q017; diagram_type=html_table; diagram_kind=source_material; diagram_status=extracted_as_text,正解は1です。一時所得の金額は、収入金額－支出金額－特別控除額50万円で求めます。満期保険金650万円－支払保険料500万円－特別控除50万円＝100万円が一時所得の金額です。ただし総所得金額に算入されるのはその2分の1なので、100万円×1/2＝50万円です。,,,,,,fp3-jitsugi-202505-q017
2025,令和7年度（実技）,48,single,相続・事業承継,FP3級;実技;三答択,"森隆男さん（被相続人）の＜親族関係図＞が下記のとおりである場合、民法上の相続人および法定相
続分の組み合わせとして、最も適切なものはどれか。なお、記載のない事項については一切考慮しない
こととする。","森隆男さん（被相続人）の＜親族関係図＞が下記のとおりである場合、民法上の相続人および法定相
続分の組み合わせとして、最も適切なものはどれか。なお、記載のない事項については一切考慮しない
こととする。

＜親族関係図＞

※幹夫さんは期限内に家庭裁判所で手続きを行い、適法に相続を放棄した。

綾子
真奈

武志

森 隆男
（被相続人）

夏帆

 （すでに死亡）
百合

幹夫（※）",,,,,綾子 １／２  夏帆 １／２,綾子 １／２  夏帆 １／４  真奈 １／４,綾子 １／２  夏帆 １／６  幹夫 １／６  真奈 １／６,,2,FALSE,FALSE,source_id=fp3_202505_q018; diagram_type=needs_svg; diagram_kind=family_tree; diagram_status=pending_manual_trace; html_reproduction=planned,正解は2です。配偶者の綾子さんは常に相続人となり、子がいる場合は配偶者と子が相続人です。幹夫さんは相続放棄をしているため初めから相続人でなかったものとして扱われ、幹夫さん本人は相続人になりません。一方、すでに死亡している子の真奈さんは代襲相続人になります。したがって、綾子さんが1/2、夏帆さんと真奈さんがそれぞれ1/4です。,,,,,,fp3-jitsugi-202505-q018
2025,令和7年度（実技）,49,single,相続・事業承継,FP3級;実技;三答択,"藤田信二さん（被相続人）の＜親族関係図＞および信二さんの死亡に伴う＜遺族が受け取った生命保
険の死亡保険金＞が下記のとおりである場合、この死亡保険金のうち信二さんの相続に係る各相続人の
相続税の課税価格に算入される金額の合計額（生命保険金等の非課税金額控除後の金額）として、正し
いものはどれか。なお、記載のない事項については一切考慮しないこととする。","藤田信二さん（被相続人）の＜親族関係図＞および信二さんの死亡に伴う＜遺族が受け取った生命保
険の死亡保険金＞が下記のとおりである場合、この死亡保険金のうち信二さんの相続に係る各相続人の
相続税の課税価格に算入される金額の合計額（生命保険金等の非課税金額控除後の金額）として、正し
いものはどれか。なお、記載のない事項については一切考慮しないこととする。

＜親族関係図＞

＜遺族が受け取った生命保険の死亡保険金＞
保険契約者
（保険料負担者） 被保険者 死亡保険金受取人 金額
信二さん 信二さん 良枝さん ３,０００万円

良枝
藤田 信二
（被相続人）
誠也
 桜子
咲江",,,,,６００万円,"１,０００万円","２,０００万円",,2,FALSE,FALSE,source_id=fp3_202505_q019; diagram_type=needs_svg; diagram_kind=family_tree; diagram_status=pending_manual_trace; html_reproduction=planned,"正解は2です。死亡保険金の非課税限度額は、500万円×法定相続人の数で求めます。親族関係図では、配偶者の良枝さんと子の誠也さん、桜子さん、咲江さんの4人が法定相続人です。非課税限度額は500万円×4人＝2,000万円なので、死亡保険金3,000万円のうち課税価格に算入される金額は3,000万円－2,000万円＝1,000万円です。",,,,,,fp3-jitsugi-202505-q019
2025,令和7年度（実技）,50,single,相続・事業承継,FP3級;実技;三答択,"下記＜資料＞の宅地の借地権（普通借地権）について、路線価方式による相続税評価額として、正し
いものはどれか。なお、奥行価格補正率は１.０とし、記載のない事項については一切考慮しないこと
とする。","下記＜資料＞の宅地の借地権（普通借地権）について、路線価方式による相続税評価額として、正し
いものはどれか。なお、奥行価格補正率は１.０とし、記載のない事項については一切考慮しないこと
とする。

＜資料＞

［借地権割合］
記号 借地権割合
Ａ ９０％
Ｂ ８０％
Ｃ ７０％
Ｄ ６０％
Ｅ ５０％
Ｆ ４０％
Ｇ ３０％

１２ｍ
１５ｍ
２４０Ｃ
１８０ｍ2",,,,,"１２,９６０千円","３０,２４０千円","４３,２００千円",,2,FALSE,FALSE,source_id=fp3_202505_q020; diagram_type=html_table; diagram_kind=source_material; diagram_status=extracted_as_text,"正解は2です。路線価方式による自用地評価額は、路線価×奥行価格補正率×地積で求めます。路線価は240千円、奥行価格補正率は1.0、地積は180m2なので、自用地評価額は240千円×1.0×180m2＝43,200千円です。借地権割合はCで70％なので、借地権の評価額は43,200千円×70％＝30,240千円です。",,,,,,fp3-jitsugi-202505-q020
2026,令和8年度（学科・三答択）,1,single,ライフプランニングと資金計画,FP3級;学科;三答択,"キャッシュフロー表の作成において、 一般に、 各年次の金融資産残高は、 「 （   ）」
の算式により計算された金額を計上する。",,,,,,前年末の金融資産残高×(１＋運用利率)＋当年の年間収支,(前年末の金融資産残高＋当年の年間収支)×(１＋運用利率),当年の年間収支×(１＋運用利率)＋前年末の金融資産残高,,1,FALSE,FALSE,,正解は1です。キャッシュフロー表の各年次の金融資産残高は、一般に、前年末の金融資産残高を運用利率で増やした金額に、その年の年間収支を加えて求めます。式は、前年末の金融資産残高×(1＋運用利率)＋当年の年間収支です。,,,,,,
2026,令和8年度（学科・三答択）,2,single,ライフプランニングと資金計画,FP3級;学科;三答択,"公的介護保険の第２号被保険者は、市町村または特別区の区域内に住所を有する
（ ① ）以上（ ② ）未満の医療保険加入者である。",,,,,,① 35歳   ② 60歳,① 40歳   ② 65歳,① 45歳   ② 75歳,,2,FALSE,FALSE,,正解は2です。公的介護保険の第2号被保険者は、市町村または特別区に住所を有する40歳以上65歳未満の医療保険加入者です。65歳以上は第1号被保険者になります。,,,,,,
2026,令和8年度（学科・三答択）,3,single,ライフプランニングと資金計画,FP3級;学科;三答択,"国民年金の付加保険料に係る保険料納付済期間を有する者が、65歳から老齢基礎年金
を受給する場合、 付加年金の額は、 （   ） に付加保険料に係る保険料納付済期間の月
数を乗じて得た額となる。",,,,,,200円,400円,800円,,1,FALSE,FALSE,,正解は1です。国民年金の付加年金額は、200円×付加保険料納付済期間の月数で計算します。付加保険料は月額400円ですが、受け取る付加年金は年額で200円に納付月数を乗じる点を区別します。,,,,,,
2026,令和8年度（学科・三答択）,4,single,ライフプランニングと資金計画,FP3級;学科;三答択,"遺族厚生年金の額（中高齢寡婦加算額および経過的寡婦加算額を除く）は、原則とし
て、死亡した者の厚生年金保険の被保険者記録を基礎として計算した老齢厚生年金の報
酬比例部分の額の（   ）相当額である。",,,,,,２分の１,３分の２,４分の３,,3,FALSE,FALSE,,正解は3です。遺族厚生年金の額は、原則として、死亡した人の老齢厚生年金の報酬比例部分の4分の3相当額です。中高齢寡婦加算や経過的寡婦加算は、この基本額に一定要件で加算されるものです。,,,,,,
2026,令和8年度（学科・三答択）,5,single,ライフプランニングと資金計画,FP3級;学科;三答択,"日本政策金融公庫の教育一般貸付 （国の教育ローン） の融資金利は （ ① ） であり、
返済期間は最長で（ ② ）である。",,,,,,① 変動金利   ② 10年,① 固定金利   ② 15年,① 固定金利   ② 20年,,3,FALSE,FALSE,,正解は3です。日本政策金融公庫の教育一般貸付、いわゆる国の教育ローンは固定金利です。返済期間は最長20年とされています。教育資金の代表的な公的融資として、固定金利である点を押さえます。,,,,,,
2026,令和8年度（学科・三答択）,6,single,リスク管理,FP3級;学科;三答択,"保険法によれば、保険給付を請求する権利および保険料の返還を請求する権利は、こ
れらを行使することができる時から（   ）行使しないときは、時効によって消滅す
る。",,,,,,６カ月間,１年間,３年間,,3,FALSE,FALSE,,正解は3です。保険法では、保険給付を請求する権利および保険料の返還を請求する権利は、行使できる時から3年間行使しないときは時効により消滅します。保険金請求権の時効は3年と覚えます。,,,,,,
2026,令和8年度（学科・三答択）,7,single,リスク管理,FP3級;学科;三答択,"保険業法上、 生命保険契約を申し込んだ者は、 原則として、契約の申込日または契約の
申込みの撤回に関する事項を記載した書面の交付日のいずれか遅い日から、その日を含
め て（ ① ） 以内であれば、 （ ② ） によりその申込みの撤回を行うことができる。",,,,,,① ８日   ② 書面または電磁的記録,① ８日   ② 書面または口頭,① 14日   ② 書面または口頭,,1,FALSE,FALSE,,正解は1です。生命保険契約のクーリング・オフは、原則として契約申込日または申込みの撤回に関する事項を記載した書面の交付日のいずれか遅い日から、その日を含めて8日以内に行います。撤回方法は書面または電磁的記録によります。,,,,,,
2026,令和8年度（学科・三答択）,8,single,リスク管理,FP3級;学科;三答択,"スーパーマーケットを経営する企業が、店舗内で調理・販売した食品が原因で食中毒
を発生させ、顧客に対して法律上の損害賠償責任を負担することによって被る損害を補
償する保険として、 （   ）がある。",,,,,,生産物賠償責任保険（ＰＬ保険）,請負業者賠償責任保険,施設所有（管理）者賠償責任保険,,1,FALSE,FALSE,,正解は1です。店舗で調理・販売した食品が原因で食中毒が発生し、顧客に損害賠償責任を負う場合に備える保険は、生産物賠償責任保険、いわゆるPL保険です。販売後・引渡し後の製品や仕事の結果による事故を補償する点が特徴です。,,,,,,
2026,令和8年度（学科・三答択）,9,single,リスク管理,FP3級;学科;三答択,"リビング・ニーズ特約は、被保険者の余命が（   ）以内と判断された場合に、所
定の範囲内で死亡保険金の一部または全部を生前に受け取ることができる特約である。",,,,,,６カ月,９カ月,12カ月,,1,FALSE,FALSE,,正解は1です。リビング・ニーズ特約は、被保険者の余命が6カ月以内と判断された場合に、死亡保険金の一部または全部を生前に受け取ることができる特約です。医療費や生活費などに充てる目的で利用されます。,,,,,,
2026,令和8年度（学科・三答択）,10,single,リスク管理,FP3級;学科;三答択,"個人事業主であるＡさんが所有する事業用建物が火災により焼失し、契約者（＝保険
料負担者）がＡさん、保険の対象が当該建物である火災保険からＡさんが受け取った保
険金は、 （   ）である。",,,,,,非課税,事業所得,一時所得,,1,FALSE,FALSE,,正解は1です。個人が所有する資産が火災などで損害を受け、その損害を補填するために受け取る火災保険金は、原則として非課税です。事業用建物であっても、損害補填の性格を持つ保険金であり、所得税では非課税として扱われます。,,,,,,
2026,令和8年度（学科・三答択）,11,single,金融資産運用,FP3級;学科;三答択,"表面利率 （クーポンレート） ２％、 残存期間５年の固定利付債券を額面100円当たり104
円で購入した場合の最終利回り（年率・単利）は、 （   ）である。なお、税金等は考
慮しないものとし、計算結果は表示単位の小数点以下第３位を四捨五入している。",,,,,,1.15％,1.20％,1.25％,,1,FALSE,FALSE,,正解は1です。固定利付債券の最終利回りは、{表面利率＋(額面100円－購入価格)÷残存期間}÷購入価格×100で求めます。{2円＋(100円－104円)÷5年}÷104円×100＝約1.154％となり、小数点以下第3位を四捨五入して1.15％です。,,,,,,
2026,令和8年度（学科・三答択）,12,single,金融資産運用,FP3級;学科;三答択,"下記の 〈Ｘ社のデータ〉 に基づいて計算したＸ社の配当性向は （ ① ） 、 配当利回り
は（ ② ）である。

〈Ｘ社のデータ〉
株 価          ： 2,000円
１株当たり年間配当金 ：   40円
１株当たり純利益   ：  100円
１株当たり純資産   ： 1,000円",,,,,,① 10％   ② 20％,① 20％   ② 10％,① 40％   ② ２％,,3,FALSE,FALSE,,"正解は3です。配当性向は、1株当たり年間配当金÷1株当たり純利益×100で求めます。40円÷100円×100＝40％です。配当利回りは、1株当たり年間配当金÷株価×100で、40円÷2,000円×100＝2％です。",,,,,,
2026,令和8年度（学科・三答択）,13,single,金融資産運用,FP3級;学科;三答択,"ポートフォリオの期待収益率は、組み入れた各資産の期待収益率を組入比率で加重平
均した値 （ ① ） 、 ポートフォリオのリスク （標準偏差） は、 ポートフォリオに組み入
れた各資産のリスク（標準偏差）を組入比率で加重平均した値（ ② ）。",,,,,,① よりも大きくなり   ② と等しくなる,① となり        ② と等しくなる,① となり        ② 以下となる,,3,FALSE,FALSE,,正解は3です。ポートフォリオの期待収益率は、各資産の期待収益率を組入比率で加重平均した値になります。一方、リスクは資産間の値動きが完全に同じでなければ分散効果が働くため、各資産のリスクを組入比率で加重平均した値以下になります。,,,,,,
2026,令和8年度（学科・三答択）,14,single,金融資産運用,FP3級;学科;三答択,"ＮＩＳＡの「成長投資枠」 や 「つみたて投資枠」 を利用して購入した株式投資信託等の非
課税保有期間は、 （   ）である。",,,,,,最長で５年間,最長で20年間,無期限（制限なし）,,3,FALSE,FALSE,,正解は3です。新しいNISAの成長投資枠やつみたて投資枠で購入した株式投資信託等の非課税保有期間は無期限です。旧制度のような5年や20年の非課税保有期間とは異なります。,,,,,,
2026,令和8年度（学科・三答択）,15,single,金融資産運用,FP3級;学科;三答択,"預金保険制度により全額が保護される決済用預金とは、 「 （ ① ） 、 預金者が払戻しを
いつでも請求できる、 （ ② ） を提供できる」 という３つの要件を満たす預金である。",,,,,,① 無利息   ② 決済サービス,① 無担保   ② 自動受取サービス,① 無利息   ② 自動送金サービス,,1,FALSE,FALSE,,正解は1です。預金保険制度で全額保護される決済用預金は、無利息、要求払い、決済サービスを提供できる、という3要件を満たす預金です。代表例は当座預金や利息の付かない普通預金です。,,,,,,
2026,令和8年度（学科・三答択）,16,single,タックスプランニング,FP3級;学科;三答択,"給与所得者が30年間勤務した会社を定年退職し、 退職金2,500万円の支給を受けた場合、
所得税における退職所得の金額の計算上、退職所得控除額は（   ）となる。",,,,,,"800万円＋40万円×(30年－20年)＝1,200万円","800万円＋70万円×(30年－20年)＝1,500万円","70万円×30年＝2,100万円",,2,FALSE,FALSE,,"正解は2です。退職所得控除額は、勤続年数20年超の場合、800万円＋70万円×(勤続年数－20年)で計算します。勤続30年なので、800万円＋70万円×10年＝1,500万円です。",,,,,,
2026,令和8年度（学科・三答択）,17,single,タックスプランニング,FP3級;学科;三答択,"所得税において、 確定拠出年金の個人型年金に加入して支払った掛金は、 （   ）の
対象となる。",,,,,,個人年金保険料控除,社会保険料控除,小規模企業共済等掛金控除,,3,FALSE,FALSE,,正解は3です。iDeCoなどの確定拠出年金の個人型年金に加入して支払った掛金は、小規模企業共済等掛金控除の対象です。個人年金保険料控除や社会保険料控除ではありません。,,,,,,
2026,令和8年度（学科・三答択）,18,single,タックスプランニング,FP3級;学科;三答択,"所得税において、控除対象扶養親族のうち、その年の12月31日時点の年齢が19歳以上
23歳未満である特定扶養親族に係る扶養控除の控除額は、特定扶養親族１人につき
（   ）である。",,,,,,38万円,48万円,63万円,,3,FALSE,FALSE,,正解は3です。控除対象扶養親族のうち、その年12月31日時点で19歳以上23歳未満の人は特定扶養親族に該当します。所得税の扶養控除額は、特定扶養親族1人につき63万円です。,,,,,,
2026,令和8年度（学科・三答択）,19,single,タックスプランニング,FP3級;学科;三答択,"住宅ローンを利用して認定長期優良住宅を新築し、新たに所得税における住宅借入金
等特別控除の適用を受ける場合、控除額の計算上、住宅借入金の年末残高に乗じる控除
率は（   ）である。",,,,,,0.7％,1.0％,1.5％,,1,FALSE,FALSE,,正解は1です。住宅借入金等特別控除、いわゆる住宅ローン控除では、控除額の計算上、住宅借入金等の年末残高に乗じる控除率は0.7％です。認定長期優良住宅では借入限度額などの扱いが一般住宅と異なる場合がありますが、控除率は0.7％です。,,,,,,
2026,令和8年度（学科・三答択）,20,single,タックスプランニング,FP3級;学科;三答択,"所得税において、事業所得を生ずべき事業を営む青色申告者が所定の要件を満たした
場合、事業所得の金額の計算上、控除することができる青色申告特別控除額は、最高で
（   ）である。",,,,,,38万円,65万円,86万円,,2,FALSE,FALSE,,正解は2です。事業所得を生ずべき事業を営む青色申告者が、複式簿記による記帳、貸借対照表等の添付、期限内申告、電子申告等の所定要件を満たす場合、青色申告特別控除額は最高65万円です。,,,,,,
2026,令和8年度（学科・三答択）,21,single,不動産,FP3級;学科;三答択,"民法によれば、不動産の売買契約において、売主が 200万円の解約手付を受領した
場合、売主は、買主が契約の履行に着手するまでは、買主に（   ）を現実に提供す
ることで、契約の解除をすることができる。",,,,,,100万円,200万円,400万円,,3,FALSE,FALSE,,正解は3です。解約手付が交付されている場合、買主が履行に着手するまでは、買主は手付を放棄して、売主は手付の倍額を現実に提供して契約を解除できます。売主が200万円の手付を受け取っているため、解除には400万円の現実の提供が必要です。,,,,,,
2026,令和8年度（学科・三答択）,22,single,不動産,FP3級;学科;三答択,"下記の200㎡の土地に建築面積100㎡、延べ面積150㎡の木造２階建ての住宅を建築し
た場合、当該住宅の容積率は（   ）である。",,,,,,50％,75％,100％,,2,FALSE,FALSE,,正解は2です。容積率は、延べ面積÷敷地面積×100で求めます。延べ面積150m2、敷地面積200m2なので、150m2÷200m2×100＝75％です。建築面積100m2を使うと建蔽率の計算になります。,,,,,,
2026,令和8年度（学科・三答択）,23,single,不動産,FP3級;学科;三答択,"建物の区分所有等に関する法律（区分所有法）によれば、集会の決議によって選任さ
れた管理者は、少なくとも（   ）集会を招集しなければならない。",,,,,,毎週１回,毎月１回,毎年１回,,3,FALSE,FALSE,,正解は3です。区分所有法では、集会の決議によって選任された管理者は、少なくとも毎年1回、集会を招集しなければなりません。マンション管理における基本的な集会招集義務です。,,,,,,
2026,令和8年度（学科・三答択）,24,single,不動産,FP3級;学科;三答択,"相続により取得した土地について、 「相続財産に係る譲渡所得の課税の特例」 （相続税
の取得費加算の特例）の適用を受けるためには、当該土地を、当該相続の開始があった
日の翌日から相続税の申告期限の翌日以後（   ）を経過する日までの間に譲渡しな
ければならない。",,,,,,１年,２年,３年,,3,FALSE,FALSE,,正解は3です。相続税の取得費加算の特例を受けるには、相続または遺贈により取得した財産を、相続開始日の翌日から相続税の申告期限の翌日以後3年を経過する日までに譲渡する必要があります。,,,,,,
2026,令和8年度（学科・三答択）,25,single,不動産,FP3級;学科;三答択,"個人が居住用財産を買い換えて、 「特定の居住用財産の買換えの場合の長期譲渡所得
の課税の特例」 の適用を受けた場合、 買換資産の取得費は譲渡資産の取得費を （ ① ）、
買換資産の取得時期は譲渡資産の取得の日を（ ② ）。",,,,,,① 引き継ぎ    ② 引き継がない,① 引き継がず   ② 引き継ぐ,① 引き継ぎ    ② 引き継ぐ,,1,FALSE,FALSE,,正解は1です。特定の居住用財産の買換えの場合の長期譲渡所得の課税の特例では、課税が将来に繰り延べられます。そのため、買換資産の取得費は譲渡資産の取得費を引き継ぎます。一方、買換資産の取得時期は譲渡資産の取得の日を引き継がず、実際の買換資産の取得日で判定します。,,,,,,
2026,令和8年度（学科・三答択）,26,single,相続・事業承継,FP3級;学科;三答択,"2024年１月１日以後に贈与により取得した財産について相続時精算課税の適用を受
ける場合、 贈与税額の計算上、 贈与税の課税価格から基礎控除額として最高で （ ① ）、
特別控除額として特定贈与者ごとに最高で（ ② ）を控除することができる。",,,,,,"①  48万円   ② 2,000万円","① 110万円   ② 2,000万円","① 110万円   ② 2,500万円",,3,FALSE,FALSE,,"正解は3です。2024年1月1日以後の贈与について相続時精算課税を適用する場合、贈与税の課税価格から年110万円の基礎控除を控除できます。また、特定贈与者ごとに累計2,500万円までの特別控除があります。",,,,,,
2026,令和8年度（学科・三答択）,27,single,相続・事業承継,FP3級;学科;三答択,"下記の〈親族関係図〉において、Ａさんの相続における兄Ｅさんの法定相続分は、
（   ） である。 なお、 父Ｃさんと母Ｄさんは、 Ａさんの相続開始前に死亡している。

〈親族関係図〉
父Ｃさん      母Ｄさん

兄Ｅさん    姉Ｆさん                 妻Ｂさん",,,,,,４分の１,６分の１,８分の１,,3,FALSE,FALSE,,正解は3です。Aさんに子がおらず、父母もすでに死亡しているため、相続人は配偶者Bさんと兄弟姉妹のEさん、Fさんです。配偶者と兄弟姉妹が相続人の場合、配偶者が3/4、兄弟姉妹全体で1/4です。兄Eさんと姉Fさんで1/4を等分するため、Eさんの法定相続分は1/8です。,,,,,,
2026,令和8年度（学科・三答択）,28,single,相続・事業承継,FP3級;学科;三答択,"相続開始時に保険事故が発生していない生命保険契約に関する権利の相続税評価額
は、原則として、 （   ）によって評価する。",,,,,,解約返戻金の額,既払込保険料相当額,死亡保険金の額,,1,FALSE,FALSE,,正解は1です。相続開始時に保険事故が発生していない生命保険契約に関する権利は、原則として相続開始時の解約返戻金の額によって評価します。死亡保険金の額ではなく、解約した場合に受け取れる価額で評価する点がポイントです。,,,,,,
2026,令和8年度（学科・三答択）,29,single,相続・事業承継,FP3級;学科;三答択,"借地権（定期借地権等を除く）の目的となっている宅地の相続税評価額は、その自用
地としての価額が１億円、 借地権割合が60％である場合、 原則として、 （   ） となる。",,,,,,"4,000万円","6,000万円",１億円,,1,FALSE,FALSE,,"正解は1です。借地権の目的となっている宅地、つまり貸宅地の評価額は、自用地としての価額×(1－借地権割合)で求めます。自用地価額1億円、借地権割合60％なので、1億円×(1－60％)＝4,000万円です。",,,,,,
2026,令和8年度（学科・三答択）,30,single,相続・事業承継,FP3級;学科;三答択,"相続人が相続により取得した宅地が「小規模宅地等についての相続税の課税価格の計
算の特例」における貸付事業用宅地等に該当する場合、その宅地のうち（ ① ）まで
を限度面積として、評価額の（ ② ）相当額を減額した金額を、相続税の課税価格に
算入すべき価額とすることができる。",,,,,,① 200㎡   ② 50％,① 330㎡   ② 80％,① 400㎡   ② 80％,,1,FALSE,FALSE,,正解は1です。小規模宅地等の特例における貸付事業用宅地等は、200m2までの部分について評価額の50％を減額できます。特定居住用宅地等の330m2・80％減額などと混同しないようにします。,,,,,,
2026,令和8年度（実技）,31,single,ライフプランニングと資金計画,FP3級;実技;三答択,"ファイナンシャル・プランニング業務を行うに当たっては、関連業法等を順守することが重要である。
ファイナンシャル・プランナー（以下「ＦＰ」という）の行為に関する次の記述のうち、最も不適切な
ものはどれか。なお、記載のない資格の登録等については一切考慮しないこととする。",,,,,,"弁護士の登録を受けていないＦＰが、相続が発生した顧客から相談を受け、報酬を得てその顧客の
代理人として、遺産分割に係る法律事務を取り扱った。","税理士の登録を受けていないＦＰが、顧客から相続財産に係る相続税額の計算を依頼されたため、
業務提携をしている税理士を紹介し、業務を委ねた。","社会保険労務士の登録を受けていないＦＰが、顧客の「ねんきん定期便」等の資料を参考に、公的
年金の受給見込み額を計算した。",,1,FALSE,FALSE,,正解は1です。弁護士でないFPが、報酬を得て顧客の代理人として遺産分割に関する法律事務を取り扱うことは、弁護士法上問題となります。2は税額計算を自ら行わず税理士に委ねているため適切です。3は資料に基づく公的年金の受給見込み額の試算であり、年金請求書等の作成・提出代行とは異なるため、一般的なFP業務として扱えます。,,,,,,
2026,令和8年度（実技）,32,single,ライフプランニングと資金計画,FP3級;実技;三答択,"下記は、東条家のキャッシュフロー表（一部抜粋）である。このキャッシュフロー表の空欄（ア）～
（ウ）にあてはまる数値として、誤っているものはどれか。なお、計算に当たっては、キャッシュフロ
ー表中に記載の整数を使用すること。","＜東条家のキャッシュフロー表＞ （単位：万円)
経過年数 基準年 １年後 ２年後 ３年後 ４年後
家族・
年齢
東条 義雄 本人 ３１歳 ３２歳 ３３歳 ３４歳 ３５歳
   八重 妻 ３０歳 ３１歳 ３２歳 ３３歳 ３４歳
   泰彦 長男  ５歳  ６歳  ７歳  ８歳  ９歳
ライフイベント    泰彦私立
小学校入学 海外旅行  変動率
収入
給与収入（本人） １％ ６３０
給与収入（妻） － ８０ ８０ ８０ ８０ ８０
収入合計 － ７１０ ７１６
支出
基本生活費 ２％ ２６０   （ ア ）
住宅関連費 － １８０ １８０ １８０ １８０ １８０
教育費 － ２０ ２０ ２６０ １６０ １６０
保険料 － ２４ ２４ ２４ ２４ ２４
一時的支出 －    １００
その他支出 － ２４ ２４ ２４ ２４ ２４
支出合計 － ５０８ ５１３
年間収支   （ イ ）   ６７
金融資産残高 １％ ６８０   ８３７ （ ウ ）
※年齢および金融資産残高は各年１２月３１日現在のものとする。
※給与収入は可処分所得で記載している。
※記載されている数値は正しいものとする。また、問題作成の都合上、一部を空欄にしてある。
※変動率が記載されている各項目の計算に当たっては基準年の金額に変動率を適用し、端数を残して算
出するものとするが、表中に記入の際に万円未満を四捨五入すること。ただし、金融資産残高は各年
ごとに端数を残さず、万円未満を四捨五入のうえ計算すること。
※収入合計と支出合計、年間収支は表中に記載の整数または記入すべき整数を使用して計算すること。",,,,,（ア）２７６,（イ）２０３,（ウ）９０４,,3,FALSE,FALSE,source_id=fp3_202605_q002; diagram_type=html_table; diagram_kind=source_material; diagram_status=extracted_as_text,正解は3です。（ア）は3年後の基本生活費なので、260万円×1.02^3＝約276万円となり、276は正しい数値です。（イ）は1年後の年間収支で、収入合計716万円－支出合計513万円＝203万円となります。（ウ）は4年後の金融資産残高で、3年後残高837万円を1％で運用し、4年後の年間収支67万円を加えます。837万円×1.01＋67万円＝約912万円となるため、904万円は誤りです。,,,,,,fp3-jitsugi-202605-q002
2026,令和8年度（実技）,33,single,ライフプランニングと資金計画,FP3級;実技;三答択,山本家の現時点の資産および負債が下記,"＜資料＞のとおりである場合、＜資料＞に基づく山本家のバラ
ンスシートの空欄（ア）にあてはまる金額として、正しいものはどれか。なお、記載のない事項について
は一切考慮しないこととする。

＜資料＞

［保有財産（時価） ］ （単位：万円）
金融資産
普通預金 ３００
定期預金 １,０００
有価証券 ２００
投資信託 １００
生命保険（解約返戻金相当額） ８０
不動産（自宅マンション） ３,８００

［負債残高］
住宅ローン（自宅マンション） ：２,８００万円

＜山本家のバランスシート＞ （単位：万円)
［資産］ ××× ［負債］ ×××
  負債合計 ×××
  ［純資産］ （ ア ）
資産合計 ××× 負債・純資産合計 ×××",,,,,"２,６００（万円）","２,６８０（万円）","５,４８０（万円）",,2,FALSE,FALSE,source_id=fp3_202605_q003; diagram_type=html_table; diagram_kind=source_material; diagram_status=extracted_as_text,"正解は2です。バランスシートの純資産は、資産合計から負債合計を差し引いて求めます。資産合計は、普通預金300万円＋定期預金1,000万円＋有価証券200万円＋投資信託100万円＋生命保険80万円＋自宅マンション3,800万円＝5,480万円です。負債は住宅ローン2,800万円なので、純資産は5,480万円－2,800万円＝2,680万円となります。",,,,,,fp3-jitsugi-202605-q003
2026,令和8年度（実技）,34,single,金融資産運用,FP3級;実技;三答択,"木村さんは、老後資金として貯めた８００万円を生活資金に充てるため、年利２.０％で複利運用し
ながら５年間で均等に取り崩すこととしている。この場合、年間で取り崩すことができる最大金額とし
て、正しいものはどれか。なお、下記","＜資料＞の３つの係数の中から最も適切な係数を選択して計算す
ること。また、記載のない事項については一切考慮しないこととする。

＜資料：係数早見表（年利２.０％)＞
 終価係数 資本回収係数 減債基金係数
５年 １.１０４ ０.２１２１６ ０.１９２１６
※記載されている数値は正しいものとする。",,,,,"１,５３７,２８０円","１,６９７,２８０円","１,７６６,４００円",,2,FALSE,FALSE,source_id=fp3_202605_q004; diagram_type=html_table; diagram_kind=source_material; diagram_status=extracted_as_text,"正解は2です。一定額を毎年取り崩す場合は、現在の資金から毎年受け取れる額を求めるため、資本回収係数を使います。800万円×0.21216＝169.728万円、つまり1,697,280円です。終価係数は将来の元利合計を求める係数、減債基金係数は将来の目標額を作るための毎年の積立額を求める係数なので、この問題には使いません。",,,,,,fp3-jitsugi-202605-q004
2026,令和8年度（実技）,35,single,ライフプランニングと資金計画,FP3級;実技;三答択,"全国健康保険協会管掌健康保険（協会けんぽ）の任意継続被保険者に関する次の記述の空欄（ア）～
（ウ）にあてはまる語句の組み合わせとして、最も適切なものはどれか。

退職により健康保険の被保険者資格を喪失した場合、被保険者資格を喪失した日の前日までに被保
険者期間が継続して（ ア ）以上あった人は、退職日の翌日から（ イ ）以内に任意継続被保
険者となるための申出をすることで、最長（ ウ ） 、任意継続被保険者となることができる。",,,,,,（ア）２ヵ月 （イ）２０日 （ウ）２年間,（ア）２ヵ月 （イ）３０日 （ウ）２年間,（ア）３ヵ月 （イ）３０日 （ウ）３年間,,1,FALSE,FALSE,,正解は1です。協会けんぽの任意継続被保険者になるには、資格喪失日の前日までに継続して2ヵ月以上の被保険者期間が必要です。申出は退職日の翌日、つまり資格喪失日から20日以内に行い、任意継続できる期間は最長2年間です。,,,,,,
2026,令和8年度（実技）,36,single,金融資産運用,FP3級;実技;三答択,下記,"＜資料＞に基づくＷＡ株式会社の投資指標の値の組み合わせとして、正しいものはどれか。なお、
記載のない事項については一切考慮しないこととする。

＜資料：ＷＡ株式会社に関するデータ＞
株価 ２,５００円
１株当たり当期純利益 ２５０円
１株当たり純資産（自己資本） ２,０００円
１株当たり年間配当金 ５０円",,,,,株価純資産倍率（ＰＢＲ） ０.８倍  株価収益率（ＰＥＲ） ０.１倍,株価純資産倍率（ＰＢＲ）１.２５倍  株価収益率（ＰＥＲ）１０.０倍,株価純資産倍率（ＰＢＲ）１.２５倍  株価収益率（ＰＥＲ）５０.０倍,,2,FALSE,FALSE,source_id=fp3_202605_q006; diagram_type=html_table; diagram_kind=source_material; diagram_status=extracted_as_text,"正解は2です。PBRは株価÷1株当たり純資産で、2,500円÷2,000円＝1.25倍です。PERは株価÷1株当たり当期純利益で、2,500円÷250円＝10.0倍です。年間配当金50円は配当利回りの計算に使う数値であり、PBRやPERの計算には使いません。",,,,,,fp3-jitsugi-202605-q006
2026,令和8年度（実技）,37,single,金融資産運用,FP3級;実技;三答択,下記,"＜資料＞の投資信託を２０万口購入する場合の購入金額として、正しいものはどれか。なお、解
答に当たっては、円未満を切り捨てること。

＜資料＞
約定日の基準価額（１万口当たり） １２,１３５円
購入時手数料（税込み） ２.２０％
運用管理費用（信託報酬・税込み） 年１.６２％",,,,,"２４６,６３１円","２４８,０３９円","２５１,９７１円",,2,FALSE,FALSE,source_id=fp3_202605_q007; diagram_type=html_table; diagram_kind=source_material; diagram_status=extracted_as_text,"正解は2です。基準価額は1万口当たり12,135円なので、20万口の購入代金は12,135円×20＝242,700円です。購入時手数料は242,700円×2.20％＝5,339.4円で、合計は248,039.4円です。円未満を切り捨てるため、購入金額は248,039円となります。信託報酬は保有期間中にかかる費用であり、購入時の支払額には直接加算しません。",,,,,,fp3-jitsugi-202605-q007
2026,令和8年度（実技）,38,single,金融資産運用,FP3級;実技;三答択,下記,"＜資料＞の債券の応募者利回り（単利・年率）として、正しいものはどれか。なお、税金や手数
料等は考慮しないこととし、計算結果については小数点以下第３位を四捨五入すること。

＜資料＞

表面利率：年１.２０％
発行価格：額面１００円につき１００.５０円
償還期限：５年",,,,,１.０９％,１.１０％,１.１９％,,1,FALSE,FALSE,source_id=fp3_202605_q008; diagram_type=html_table; diagram_kind=source_material; diagram_status=extracted_as_text,正解は1です。応募者利回りは、表面利率に1年当たりの償還差損益を加減して、発行価格で割って求めます。発行価格100.50円、償還価格100円なので、5年間で0.50円の差損があり、1年当たり0.10円のマイナスです。計算式は、{1.20円＋(100円－100.50円)÷5年}÷100.50円×100＝約1.094％となり、小数点以下第3位を四捨五入して1.09％です。,,,,,,fp3-jitsugi-202605-q008
2026,令和8年度（実技）,39,single,不動産,FP3級;実技;三答択,"建築基準法に従い、下記＜資料＞の土地に建築物を建築する場合、その土地に対する建築物の建築面
積の最高限度として、正しいものはどれか。なお、記載のない事項については一切考慮しないこととす
る。","建築基準法に従い、下記＜資料＞の土地に建築物を建築する場合、その土地に対する建築物の建築面
積の最高限度として、正しいものはどれか。なお、記載のない事項については一切考慮しないこととす
る。

＜資料＞

・ 商業地域
・ 指定建蔽率  ８０％
・ 指定容積率 ４００％
・ 前面道路の幅員に対する
法定乗数 ６／１０
幅員６ｍ市道
１５ｍ
２０ｍ
３００ｍ2",,,,,"２４０ｍ
2","１,０８０ｍ2","１,２００ｍ2",,1,FALSE,FALSE,source_id=fp3_202605_q009; diagram_type=html_table; diagram_kind=source_material; diagram_status=extracted_as_text,正解は1です。建築面積の最高限度は建蔽率で求めます。敷地面積300m2、指定建蔽率80％なので、300m2×80％＝240m2です。前面道路幅員による制限は容積率の判定で使う論点であり、この問題は建築面積、つまり建蔽率の問題です。,,,,,,fp3-jitsugi-202605-q009
2026,令和8年度（実技）,40,single,不動産,FP3級;実技;三答択,"不動産の鑑定評価の手法に関する下表の空欄（ア）～（ウ）にあてはまる語句の組み合わせとして、
最も適切なものはどれか。

評価方法 主な内容
原価法
価格時点における対象不動産の建設等に要する費用性に着目して、 （ ア ）を
求め、この（ ア ）について減価修正を行い、対象不動産の試算価格を求め
る手法
（ イ ）
多数の取引事例を収集して適切な事例を選定し、事情補正や時点修正を行い、
かつ、地域要因や個別的要因の比較を行って、対象不動産の試算価格を求める
手法
収益還元法 対象不動産が将来生み出すであろうと期待される純収益の（ ウ ）の総和を
求めることにより、対象不動産の試算価格を求める手法",,,,,,（ア）比準価格  （イ）取引事例比較法 （ウ）将来価値,（ア）再調達原価 （イ）ＤＣＦ法    （ウ）現在価値,（ア）再調達原価 （イ）取引事例比較法 （ウ）現在価値,,3,FALSE,FALSE,source_id=fp3_202605_q010; diagram_type=html_table; diagram_kind=source_material; diagram_status=extracted_as_text,正解は3です。原価法は、対象不動産を価格時点で再調達するとした場合の原価、すなわち再調達原価を求め、そこから減価修正を行う手法です。多数の取引事例を比較して価格を求めるのは取引事例比較法です。収益還元法では、将来得られる純収益を現在価値に割り引いて試算価格を求めます。,,,,,,fp3-jitsugi-202605-q010
2026,令和8年度（実技）,41,single,不動産,FP3級;実技;三答択,"借地借家法に基づく借家権に関する下表の空欄（ア）～（ウ）にあてはまる語句の組み合わせとして、
最も適切なものはどれか。 なお、 「公正証書による等書面」には電磁的記録によるものを含むものと
する。

種類 普通借家権
（建物賃貸借）
定期借家権
（定期建物賃貸借）
存続期間
（ ア ）以上
ただし、 （ ア ）未満の契約は期間の
定めのないものとみなされる
制限なし
更新等 更新できる （ イ ）
契約方法 制限なし （ ウ ）",,,,,,（ア）１年 （イ）期間満了により終了 （ウ）公正証書による等書面,（ア）１年 （イ）更新できる     （ウ）公正証書 による等書面,（ア）３年 （イ）期間満了により終了 （ウ）公正証書に限られる,,1,FALSE,FALSE,source_id=fp3_202605_q011; diagram_type=html_table; diagram_kind=source_material; diagram_status=extracted_as_text,正解は1です。普通借家契約で期間を定める場合、存続期間は1年以上とされ、1年未満の期間を定めた契約は期間の定めのない契約とみなされます。定期借家契約は更新がなく、期間満了により終了します。契約は公正証書による等書面で行う必要がありますが、公正証書に限られるわけではありません。,,,,,,fp3-jitsugi-202605-q011
2026,令和8年度（実技）,42,single,リスク管理,FP3級;実技;三答択,大下秀雄さんが加入している生命保険（下記,"＜資料＞参照）の保障内容に関する次の記述の空欄（ア）
にあてはまる金額として、正しいものはどれか。なお、保険金および給付金の支払事由が生じたときに
おいて、保険契約は有効に継続しているものとする。また、秀雄さんはこれまでに＜資料＞の保険から
保険金および給付金を一度も受け取っていないものとする。

＜資料＞

がん保険 保険証券番号×××－××××
保険契約者 大下 秀雄 様
◆契約日（保険期間の始期）
２０××年×月×日
◆主契約の保険期間
終身
◆主契約の保険料払込期間
終身
被保険者 大下 秀雄 様
契約年齢 ３７歳 男性

受取人
［給付金］
被保険者 様

［死亡給付金］
大下 寧々 様（妻）
受取割合
１０割

■ご契約内容
主契約
［本人型］
がん入院給付金 １日目から        日額 １０,０００円
がん通院給付金              日額  ５,０００円
がん診断給付金 初めてがんと診断されたとき    １００万円
手術給付金   １回につき 手術の種類に応じてがん入院給付金日額の
１０倍・２０倍・４０倍
死亡給付金         がん入院給付金日額の１００倍（がん以外の死亡
の場合は、がん入院給付金日額の１０倍）

■お払い込みいただく合計保険料
毎回 ×,×××円
［保険料払込方法］
月払い

秀雄さんが、現時点で初めてがん（悪性新生物）と診断され、治療のために２４日間入院し、その
間に手術（給付倍率４０倍）を１回受け、退院から１０日後に交通事故で死亡した場合に支払われ
る保険金および給付金は、合計（ ア ）である。",,,,,"７４０,０００円","１,７４０,０００円","２,６４０,０００円",,2,FALSE,FALSE,source_id=fp3_202605_q012; diagram_type=html_table; diagram_kind=source_material; diagram_status=extracted_as_text,"正解は2です。初めてがんと診断されたため、がん診断給付金100万円が支払われます。24日間の入院は10,000円×24日＝24万円、手術給付金は入院給付金日額10,000円×40倍＝40万円です。退院後の死亡は交通事故による死亡、つまりがん以外の死亡なので死亡給付金は入院給付金日額の10倍で10万円です。合計は100万円＋24万円＋40万円＋10万円＝174万円です。",,,,,,fp3-jitsugi-202605-q012
2026,令和8年度（実技）,43,single,リスク管理,FP3級;実技;三答択,会社員の大久保さんは、自身が死亡した場合に備え、生命保険への加入を検討している。下記,"＜資
料＞に基づき、現時点で大久保さんが死亡した場合の遺族の必要保障額の見込額として、最も適切なも
のはどれか。なお、記載のない事項については一切考慮しないこととする。

＜資料＞

［遺族の収入および支出の見込額］
収入
給与収入等総額 ３,０００万円
公的年金総額 ７,０００万円
大久保さんの死亡退職金 ９００万円
支出
大久保さんの葬式費用 ３００万円
生活費 ９,０００万円
住居費 ４,０００万円
子の教育費 １,０００万円
※税金および社会保険料は、生活費に含まれるものとする。
※上記の他に大久保さんは金融資産を１,０００万円保有しているものとする。",,,,,"２,４００万円","３,４００万円","７,３００万円",,1,FALSE,FALSE,source_id=fp3_202605_q013; diagram_type=html_table; diagram_kind=source_material; diagram_status=extracted_as_text,"正解は1です。必要保障額は、遺族の支出見込額から、遺族の収入見込額と現在保有している金融資産を差し引いて求めます。支出は葬式費用300万円＋生活費9,000万円＋住居費4,000万円＋教育費1,000万円＝1億4,300万円です。収入は給与収入等3,000万円＋公的年金7,000万円＋死亡退職金900万円＝1億900万円で、さらに金融資産1,000万円を差し引きます。1億4,300万円－1億900万円－1,000万円＝2,400万円です。",,,,,,fp3-jitsugi-202605-q013
2026,令和8年度（実技）,44,single,リスク管理,FP3級;実技;三答択,斉藤さんが契約している自動車保険の主な内容は、下記,"＜資料＞のとおりである。斉藤さんに関する
次の記述のうち、自動車保険による補償の対象となるものはどれか。なお、被保険自動車の運転者はい
ずれも斉藤さんである。また、記載のない事項については一切考慮しないこととする。

＜資料＞
保険種類 自動車保険
保険期間 １年
保険契約者 斉藤 五郎
記名被保険者 斉藤 五郎
対人賠償 無制限
対物賠償 無制限（免責金額なし）
車両保険 一般条件 １６０万円",,,,,被保険自動車を運転中に、誤って自宅の車庫を損壊した場合の車庫の修理費用,"被保険自動車を運転中に、ブレーキ操作を誤って単独事故を起こし、車体が損傷した場合の車の修
理費用","被保険自動車を駐車場に駐車する際に、誘導中の妻に誤って車が接触し、ケガを負わせた場合の治
療費用",,2,FALSE,FALSE,source_id=fp3_202605_q014; diagram_type=html_table; diagram_kind=source_material; diagram_status=extracted_as_text,正解は2です。一般条件の車両保険では、単独事故による被保険自動車自体の損傷も補償対象になります。1の自宅車庫は保険契約者や記名被保険者等が所有・使用・管理する財物に当たり、対物賠償の補償対象外です。3の妻のケガは対人賠償で補償される他人ではなく、通常は対人賠償の対象外となるため、この設問で補償対象となるのは2です。,,,,,,fp3-jitsugi-202605-q014
2026,令和8年度（実技）,45,single,タックスプランニング,FP3級;実技;三答択,"中岡さんは、個人でアパートの賃貸をしている青色申告者である。中岡さんの当年分の所得および所
得控除等が下記","＜資料＞のとおりである場合、＜資料＞に基づく中岡さんの当年分の所得税額として、
正しいものはどれか。なお、記載のない事項については一切考慮しないこととする。

＜資料＞

［所得］
不動産所得の金額 ７６０万円
※必要経費や青色申告特別控除額を控除した後の金額である。

［所得控除］
所得控除の合計額 ９０万円

［所得税の速算表］
課税される所得金額 税率 控除額
１,０００円 から １,９４９,０００円 まで  ５％ ０円
１,９５０,０００円 から ３,２９９,０００円 まで １０％ ９７,５００円
３,３００,０００円 から ６,９４９,０００円 まで ２０％ ４２７,５００円
６,９５０,０００円 から ８,９９９,０００円 まで ２３％ ６３６,０００円
９,０００,０００円 から １７,９９９,０００円 まで ３３％ １,５３６,０００円
１８,０００,０００円 から ３９,９９９,０００円 まで ４０％ ２,７９６,０００円
４０,０００,０００円 以上 ４５％ ４,７９６,０００円
（注）課税される所得金額の１,０００円未満の端数は切捨て",,,,,"２１２,０００円","９０５,０００円","９１２,５００円",,3,FALSE,FALSE,source_id=fp3_202605_q015; diagram_type=html_table; diagram_kind=source_material; diagram_status=extracted_as_text,"正解は3です。課税所得金額は、不動産所得760万円－所得控除90万円＝670万円です。速算表では、670万円は3,300,000円から6,949,000円までの区分なので、税率20％、控除額427,500円を使います。6,700,000円×20％－427,500円＝912,500円です。",,,,,,fp3-jitsugi-202605-q015
2026,令和8年度（実技）,46,single,タックスプランニング,FP3級;実技;三答択,会社員の近藤敏彦さんの当年中に支払った医療費等が下記,"＜資料＞のとおりである場合、敏彦さんの
当年分の所得税における医療費控除の金額として、正しいものはどれか。なお、敏彦さんの当年中の所
得は、給与所得８００万円のみであり、支払った医療費等はすべて敏彦さんおよび生計を一にする親族
のために支払ったものである。また、医療費控除の金額が最も大きくなるように計算することとし、
「特定一般用医薬品等購入費を支払った場合の医療費控除の特例（セルフメディケーション税制） 」その
他記載のない事項については一切考慮しないこととする。

＜資料＞
支払月 医療等を受けた人 内容 支払金額
１月 敏彦さん 人間ドック代（※１） ５万円
妻 美容目的の形成外科の施術代 ２０万円
３～４月 敏彦さん 入院費用（※２） ２５万円
（※１）人間ドックの結果、重大な疾病は発見されていない。
（※２）この入院について、加入中の生命保険から入院給付金８万円が支給された。",,,,,７万円,２７万円,４０万円,,1,FALSE,FALSE,source_id=fp3_202605_q016; diagram_type=html_table; diagram_kind=source_material; diagram_status=extracted_as_text,正解は1です。医療費控除の対象になるのは、治療目的の医療費から保険金等で補填される金額を差し引いた額です。重大な疾病が見つかっていない人間ドック代5万円と、美容目的の形成外科費用20万円は対象外です。入院費用25万円から入院給付金8万円を差し引くと17万円です。所得が800万円なので控除額は17万円－10万円＝7万円となります。,,,,,,fp3-jitsugi-202605-q016
2026,令和8年度（実技）,47,single,タックスプランニング,FP3級;実技;三答択,"所得税の青色申告制度に関する下表の空欄（ア）～（ウ）にあてはまる語句および数値の組み合わせ
として、最も適切なものはどれか。

青色申告者 不動産所得、事業所得、 （ ア ）のいずれかがある者
確定申告期間 原則として、翌年の２月１６日～（ イ ）
青色申告特別控除額（最高） 事業的規模の不動産所得者または事業所得者 ５５万円（※）
上記以外の青色申告者 （ ウ ）万円
（※）電子申告等の一定要件を満たしている場合は最高６５万円",,,,,,（ア）山林所得 （イ）３月１５日 （ウ）１０,（ア）山林所得 （イ）３月３１日 （ウ）１０,（ア）雑所得  （イ）３月１５日 （ウ）３０,,1,FALSE,FALSE,source_id=fp3_202605_q017; diagram_type=html_table; diagram_kind=source_material; diagram_status=extracted_as_text,正解は1です。青色申告の対象となる所得は、不動産所得、事業所得、山林所得です。所得税の確定申告期間は原則として翌年2月16日から3月15日までです。青色申告特別控除は、一定の要件を満たす事業的規模の不動産所得者または事業所得者では最高55万円、電子申告等の要件を満たせば最高65万円ですが、それ以外の青色申告者は最高10万円です。,,,,,,fp3-jitsugi-202605-q017
2026,令和8年度（実技）,48,single,相続・事業承継,FP3級;実技;三答択,森隆男さん（被相続人）の,"＜親族関係図＞が下記のとおりである場合、民法上の相続人および法定相
続分の組み合わせとして、最も適切なものはどれか。なお、記載のない事項については一切考慮しない
こととする。

＜親族関係図＞

※幹夫さんは期限内に家庭裁判所で手続きを行い、適法に相続を放棄した。",,,,,綾子 １／２  夏帆 １／２,綾子 １／２  夏帆 １／４  真奈 １／４,綾子 １／２  夏帆 １／６  真奈 １／６  寛太 １／６,,2,FALSE,FALSE,source_id=fp3_202605_q018; diagram_type=needs_svg; diagram_kind=family_tree; diagram_status=pending_manual_trace; html_reproduction=planned,正解は2です。配偶者の綾子さんは常に相続人となり、子がいる場合は配偶者と子が相続人です。幹夫さんは相続放棄をしているため、初めから相続人でなかったものとして扱われ、幹夫さんの子である寛太さんは代襲相続しません。一方、すでに死亡している子の真奈さんは代襲相続人になります。したがって、綾子さんが1/2、子の系統である夏帆さんと真奈さんが残り1/2を等分し、それぞれ1/4となります。,,,,,,fp3-jitsugi-202605-q018
2026,令和8年度（実技）,49,single,相続・事業承継,FP3級;実技;三答択,"藤田信二さん（被相続人）の＜親族関係図＞が下記のとおりである場合、相続税の計算における遺産
に係る基礎控除額として、正しいものはどれか。","藤田信二さん（被相続人）の＜親族関係図＞が下記のとおりである場合、相続税の計算における遺産
に係る基礎控除額として、正しいものはどれか。

＜親族関係図＞

※桜子さんは期限内に家庭裁判所で手続きを行い、適法に相続を放棄した。

綾子
真奈

武志

森 隆男
（被相続人）
夏帆

 （すでに死亡）
百合

寛太

幹夫（※）

麗子
良枝
藤田 信二
（被相続人）
誠也
 桜子（※）
咲江",,,,,"４,８００万円","５,０００万円","５,４００万円",,3,FALSE,FALSE,source_id=fp3_202605_q019; diagram_type=needs_svg; diagram_kind=family_tree; diagram_status=pending_manual_trace; html_reproduction=planned,"正解は3です。相続税の基礎控除額は、3,000万円＋600万円×法定相続人の数で求めます。相続放棄をした桜子さんは、民法上は相続人ではありませんが、相続税の基礎控除額を計算する際の法定相続人の数には、放棄がなかったものとして含めます。この親族関係図では、配偶者の良枝さんと子の咲江さん、誠也さん、桜子さんの4人で計算するため、3,000万円＋600万円×4人＝5,400万円です。",,,,,,fp3-jitsugi-202605-q019
2026,令和8年度（実技）,50,single,相続・事業承継,FP3級;実技;三答択,"西川さんが自宅の敷地および建物を夫の相続により取得し、自宅の敷地（相続税評価額：５,０００
万円）のすべてについて特定居住用宅地等として小規模宅地等の特例の適用を受けた場合、相続税の課
税価格に算入すべき自宅の敷地の価額として、正しいものはどれか。",,,,,,"１,０００万円","２,５００万円","４,０００万円",,1,FALSE,FALSE,,"正解は1です。特定居住用宅地等について小規模宅地等の特例を適用すると、一定面積まで評価額を80％減額できます。自宅敷地の相続税評価額が5,000万円で、すべてについて特例の適用を受ける場合、課税価格に算入する価額は5,000万円×20％＝1,000万円です。",,,,,,
